,loss_total,loss_survey,loss_mobile,loss_sensor
0,41.16352844238281,7.98616361618042,0.0008304722723551095,32.733821868896484
1,37.87477493286133,7.275308609008789,0.0006220473442226648,30.19220542907715
2,34.85993957519531,6.627725124359131,0.0013013138668611646,27.85743522644043
3,32.09619903564453,6.037776470184326,0.0027595916762948036,25.712650299072266
4,29.5626163482666,5.500335216522217,0.004898585379123688,23.742355346679688
5,27.239990234375,5.010728359222412,0.007629471365362406,21.93231773376465
6,25.110746383666992,4.564708232879639,0.010872076265513897,20.26946449279785
7,23.158733367919922,4.158383369445801,0.01455411035567522,18.741785049438477
8,21.369165420532227,3.7882254123687744,0.01861046813428402,17.3382511138916
9,19.728492736816406,3.451014757156372,0.02298259735107422,16.048717498779297
10,18.22429084777832,3.1438214778900146,0.027617907151579857,14.863882064819336
11,16.84516716003418,2.86397385597229,0.032469242811203,13.775188446044922
12,15.58067512512207,2.609034538269043,0.03749437257647514,12.774787902832031
13,14.421248435974121,2.37679123878479,0.0426555834710598,11.855463027954102
14,13.358109474182129,2.165219306945801,0.047919221222400665,11.010584831237793
15,12.383220672607422,1.9724761247634888,0.0532553531229496,10.2340726852417
16,11.489206314086914,1.796894907951355,0.05863739177584648,9.520337104797363
17,10.669315338134766,1.6369411945343018,0.06404183059930801,8.864248275756836
18,9.917353630065918,1.4912222623825073,0.06944791227579117,8.261089324951172
19,9.227642059326172,1.3584747314453125,0.07483737915754318,7.706533908843994
20,8.594990730285645,1.2375450134277344,0.08019424974918365,7.1966118812561035
21,8.01462459564209,1.1273798942565918,0.08550457656383514,6.727672576904297
22,7.482180118560791,1.0270211696624756,0.09075627475976944,6.296363353729248
23,6.993650913238525,0.9355951547622681,0.09593891352415085,5.899613857269287
24,6.545371055603027,0.852308988571167,0.10104358196258545,5.534595489501953
25,6.133977890014648,0.7764348387718201,0.10606270283460617,5.1987199783325195
26,5.756391525268555,0.7073172330856323,0.11098992824554443,4.889604091644287
27,5.409787178039551,0.6443498134613037,0.11581998318433762,4.605064868927002
28,5.091579914093018,0.5869882106781006,0.12054857611656189,4.343095302581787
29,4.7993998527526855,0.5347339510917664,0.12517230212688446,4.101853847503662
30,4.531074523925781,0.4871302843093872,0.12968851625919342,3.879650354385376
31,4.284610748291016,0.4437640309333801,0.13409528136253357,3.6749343872070312
32,4.058190822601318,0.40425872802734375,0.13839128613471985,3.486279249191284
33,3.850142002105713,0.36827027797698975,0.1425757259130478,3.312379837036133
34,3.6589298248291016,0.3354848623275757,0.1466483175754547,3.152033805847168
35,3.4831550121307373,0.3056187927722931,0.15060919523239136,3.004140853881836
36,3.321532726287842,0.27841275930404663,0.15445879101753235,2.8676886558532715
37,3.172883987426758,0.2536272704601288,0.1581980437040329,2.7417502403259277
38,3.036129951477051,0.2310492992401123,0.16182798147201538,2.625471830368042
39,2.910281181335449,0.21048015356063843,0.16534999012947083,2.5180716514587402
40,2.7944326400756836,0.19174309074878693,0.16876566410064697,2.4188318252563477
41,2.6877551078796387,0.17467354238033295,0.17207670211791992,2.3270931243896484
42,2.5894851684570312,0.159122496843338,0.17528502643108368,2.2422502040863037
43,2.498929262161255,0.14495672285556793,0.17839264869689941,2.163747787475586
44,2.41544771194458,0.13205133378505707,0.18140169978141785,2.0910751819610596
45,2.3384552001953125,0.12029456347227097,0.18431441485881805,2.0237650871276855
46,2.267416000366211,0.10958531498908997,0.1871330589056015,1.961387038230896
47,2.2018401622772217,0.0998297855257988,0.18985994160175323,1.9035462141036987
48,2.1412758827209473,0.09094247221946716,0.19249744713306427,1.849880576133728
49,2.085310935974121,0.08284642547369003,0.19504794478416443,1.800057291984558
50,2.033567428588867,0.07547079771757126,0.19751383364200592,1.7537709474563599
51,1.9856986999511719,0.06875210255384445,0.19989755749702454,1.710740327835083
52,1.941388487815857,0.06263133138418198,0.2022014707326889,1.6707082986831665
53,1.900344967842102,0.0570555105805397,0.20442794263362885,1.6334385871887207
54,1.8623011112213135,0.05197568237781525,0.20657934248447418,1.5987132787704468
55,1.8270134925842285,0.047348324209451675,0.20865799486637115,1.566332459449768
56,1.794257640838623,0.043132998049259186,0.2106662392616272,1.5361131429672241
57,1.7638276815414429,0.03929249197244644,0.2126062661409378,1.5078867673873901
58,1.7355365753173828,0.03579407557845116,0.21448037028312683,1.48149836063385
59,1.7092115879058838,0.032607391476631165,0.21629071235656738,1.4568058252334595
60,1.6846944093704224,0.02970430813729763,0.218039408326149,1.4336782693862915
61,1.6618402004241943,0.02705998905003071,0.21972857415676117,1.4119958877563477
62,1.6405152082443237,0.02465120144188404,0.2213602066040039,1.3916479349136353
63,1.620598316192627,0.022456396371126175,0.22293636202812195,1.3725333213806152
64,1.6019773483276367,0.020456993952393532,0.22445891797542572,1.3545578718185425
65,1.5845496654510498,0.018635688349604607,0.22592978179454803,1.3376365900039673
66,1.5682214498519897,0.016976425424218178,0.22735080122947693,1.3216904401779175
67,1.5529065132141113,0.01546505093574524,0.22872376441955566,1.3066459894180298
68,1.5385254621505737,0.014087923802435398,0.23005041480064392,1.2924373149871826
69,1.5250056982040405,0.012833580374717712,0.2313324213027954,1.2790025472640991
70,1.5122807025909424,0.011691004037857056,0.23257136344909668,1.2662853002548218
71,1.500289797782898,0.010650242678821087,0.23376891016960144,1.2542333602905273
72,1.488976240158081,0.009701918810606003,0.2349265068769455,1.242798924446106
73,1.4782885313034058,0.008837969042360783,0.2360457330942154,1.2319377660751343
74,1.46817946434021,0.008050858043134212,0.23712791502475739,1.2216094732284546
75,1.4586058855056763,0.007333975750952959,0.23817449808120728,1.2117761373519897
76,1.4495277404785156,0.00668087275698781,0.23918677866458893,1.2024036645889282
77,1.4409081935882568,0.006085827946662903,0.2401660829782486,1.1934598684310913
78,1.4327137470245361,0.005543837323784828,0.24111363291740417,1.1849156618118286
79,1.424913763999939,0.005050197709351778,0.24203066527843475,1.1767438650131226
80,1.4174795150756836,0.0046004061587154865,0.24291829764842987,1.168919563293457
81,1.4103847742080688,0.004190639592707157,0.24377767741680145,1.1614197492599487
82,1.403605580329895,0.003817436983808875,0.24460989236831665,1.1542229652404785
83,1.3971198797225952,0.0034775177482515574,0.24541597068309784,1.1473097801208496
84,1.3909074068069458,0.0031677433289587498,0.2461968958377838,1.1406618356704712
85,1.3849496841430664,0.0028856212738901377,0.24695365130901337,1.1342626810073853
86,1.3792287111282349,0.0026285964995622635,0.24768713116645813,1.1280964612960815
87,1.3737292289733887,0.002394498325884342,0.2483982890844345,1.1221489906311035
88,1.368436336517334,0.0021812443155795336,0.24908797442913055,1.1164069175720215
89,1.3633365631103516,0.0019869611132889986,0.24975696206092834,1.1108579635620117
90,1.3584177494049072,0.0018099799053743482,0.25040608644485474,1.105490803718567
91,1.353668451309204,0.0016487910179421306,0.2510361671447754,1.100294828414917
92,1.349077820777893,0.0015019751153886318,0.25164783000946045,1.0952602624893188
93,1.3446362018585205,0.001368248020298779,0.2522418200969696,1.0903780460357666
94,1.3403346538543701,0.0012464047176763415,0.25281888246536255,1.0856395959854126
95,1.3361644744873047,0.0011353599838912487,0.2533796429634094,1.0810372829437256
96,1.332118272781372,0.001034206128679216,0.253924697637558,1.0765637159347534
97,1.3281892538070679,0.0009420908754691482,0.25445470213890076,1.0722123384475708
98,1.3243703842163086,0.0008581571164540946,0.25497016310691833,1.067976474761963
99,1.3206555843353271,0.0007817112491466105,0.25547170639038086,1.0638505220413208
100,1.3170396089553833,0.0007120922673493624,0.2559598684310913,1.0598288774490356
101,1.3135167360305786,0.0006486959173344076,0.2564350962638855,1.0559066534042358
102,1.310082197189331,0.0005908955354243517,0.2568979859352112,1.0520788431167603
103,1.3067317008972168,0.0005382692907005548,0.2573489248752594,1.0483412742614746
104,1.3034608364105225,0.000490367878228426,0.25778841972351074,1.0446895360946655
105,1.3002657890319824,0.00044670049101114273,0.258216917514801,1.0411198139190674
106,1.2971429824829102,0.0004069252172484994,0.2586348354816437,1.0376286506652832
107,1.2940890789031982,0.0003706917050294578,0.25904250144958496,1.0342124700546265
108,1.2911007404327393,0.0003376722743269056,0.2594403922557831,1.0308680534362793
109,1.2881749868392944,0.0003075811837334186,0.2598288357257843,1.0275925397872925
110,1.2853094339370728,0.00028018426382914186,0.26020821928977966,1.0243831872940063
111,1.2825011014938354,0.0002552194055169821,0.26057884097099304,1.0212370157241821
112,1.2797479629516602,0.00023250658705364913,0.26094111800193787,1.018151879310608
113,1.2770477533340454,0.00021181437477935106,0.26129528880119324,1.0151251554489136
114,1.2743980884552002,0.00019295010133646429,0.2616417109966278,1.0121550559997559
115,1.2717972993850708,0.00017577839025761932,0.2619805932044983,1.0092390775680542
116,1.2692432403564453,0.0001601250987732783,0.2623123526573181,1.0063755512237549
117,1.2667344808578491,0.00014586580800823867,0.26263707876205444,1.0035624504089355
118,1.2642691135406494,0.00013285959721542895,0.2629551887512207,1.0007981061935425
119,1.2618457078933716,0.00012102452456019819,0.2632668614387512,0.9980806112289429
120,1.2594630718231201,0.00011022961552953348,0.2635723054409027,0.995408833026886
121,1.2571194171905518,0.00010040982306236401,0.26387178897857666,0.992780864238739
122,1.254813551902771,9.147384844254702e-05,0.2641655504703522,0.9901955127716064
123,1.2525444030761719,8.333281584782526e-05,0.2644537687301636,0.9876514077186584
124,1.2503107786178589,7.59086397010833e-05,0.2647366523742676,0.9851473569869995
125,1.2481114864349365,6.915012636454776e-05,0.2650144100189209,0.9826818704605103
126,1.245945692062378,6.298052176134661e-05,0.26528722047805786,0.9802541136741638
127,1.243812084197998,5.736432649428025e-05,0.2655552327632904,0.9778627157211304
128,1.2417100667953491,5.225674249231815e-05,0.26581862568855286,0.9755068421363831
129,1.2396385669708252,4.7612757043680176e-05,0.26607760787010193,0.9731853008270264
130,1.2375967502593994,4.3373591324780136e-05,0.2663322985172272,0.9708972573280334
131,1.2355836629867554,3.951311009586789e-05,0.2665828466415405,0.9686415791511536
132,1.2335987091064453,3.5993729397887364e-05,0.2668294608592987,0.9664177298545837
133,1.2316412925720215,3.278600343037397e-05,0.2670721709728241,0.9642245769500732
134,1.229710578918457,2.9871660444769077e-05,0.267311155796051,0.9620614051818848
135,1.227805733680725,2.7207768653170206e-05,0.2675465941429138,0.9599277377128601
136,1.225926160812378,2.4787148504401557e-05,0.267778605222702,0.957822322845459
137,1.2240715026855469,2.2578826246899553e-05,0.26800721883773804,0.9557446837425232
138,1.222240924835205,2.056630364677403e-05,0.26823264360427856,0.9536941647529602
139,1.2204338312149048,1.8734977857093327e-05,0.268454909324646,0.9516699910163879
140,1.2186497449874878,1.7060201571439393e-05,0.26867419481277466,0.9496716856956482
141,1.216888189315796,1.5537241779384203e-05,0.2688905596733093,0.9476985931396484
142,1.2151485681533813,1.4150639799481723e-05,0.26910409331321716,0.9457499980926514
143,1.213430404663086,1.28853889691527e-05,0.2693149149417877,0.943825364112854
144,1.211733341217041,1.1732950042642187e-05,0.26952314376831055,0.9419243335723877
145,1.2100567817687988,1.0682279935281258e-05,0.26972877979278564,0.9400461912155151
146,1.2084004878997803,9.727785254654009e-06,0.26993197202682495,0.9381904602050781
147,1.206763744354248,8.855789019435178e-06,0.27013278007507324,0.9363566040992737
148,1.205146312713623,8.06329717306653e-06,0.2703312933444977,0.9345443844795227
149,1.203547716140747,7.340036972891539e-06,0.27052754163742065,0.9327530860900879
150,1.2019675970077515,6.681744707748294e-06,0.2707216739654541,0.9309822916984558
151,1.2004058361053467,6.086344001232646e-06,0.27091366052627563,0.9292316436767578
152,1.1988614797592163,5.543478437175509e-06,0.2711036205291748,0.9275005459785461
153,1.1973347663879395,5.0492103582655545e-06,0.2712916433811188,0.9257888793945312
154,1.1958249807357788,4.5966494326421525e-06,0.27147772908210754,0.9240961670875549
155,1.1943321228027344,4.1882308323693e-06,0.27166199684143066,0.922421932220459
156,1.192855715751648,3.8145101370901102e-06,0.27184444665908813,0.9207656979560852
157,1.1913954019546509,3.4733502616290934e-06,0.2720251977443695,0.9191274046897888
158,1.189950704574585,3.163176188536454e-06,0.27220419049263,0.9175065755844116
159,1.1885218620300293,2.8805404781451216e-06,0.27238157391548157,0.9159027934074402
160,1.187108039855957,2.6248403628414962e-06,0.2725573778152466,0.9143157005310059
161,1.1857092380523682,2.3886359485914e-06,0.27273163199424744,0.9127451181411743
162,1.1843252182006836,2.1759963146905648e-06,0.2729043960571289,0.9111906290054321
163,1.1829555034637451,1.9825076833512867e-06,0.273075670003891,0.9096521139144897
164,1.1816000938415527,1.805085844353016e-06,0.27324554324150085,0.9081290364265442
165,1.1802585124969482,1.6447121424789657e-06,0.27341407537460327,0.9066212177276611
166,1.1789307594299316,1.4986449059506413e-06,0.27358123660087585,0.9051284790039062
167,1.1776163578033447,1.3641961231769528e-06,0.2737470269203186,0.9036504030227661
168,1.176315188407898,1.2415544006216805e-06,0.27391165494918823,0.9021867513656616
169,1.1750268936157227,1.131778844865039e-06,0.2740749716758728,0.9007373452186584
170,1.1737515926361084,1.0301966995029943e-06,0.27423715591430664,0.8993019461631775
171,1.1724886894226074,9.382912935507193e-07,0.2743981182575226,0.8978800773620605
172,1.1712384223937988,8.542863838556514e-07,0.2745579481124878,0.8964717388153076
173,1.1700000762939453,7.785236562085629e-07,0.27471664547920227,0.8950767517089844
174,1.1687740087509155,7.093585736583918e-07,0.2748742699623108,0.8936946392059326
175,1.1675593852996826,6.449147349485429e-07,0.27503085136413574,0.8923254609107971
176,1.1663563251495361,5.881429387954995e-07,0.2751863896846771,0.8909687399864197
177,1.1651649475097656,5.356138217393891e-07,0.2753409445285797,0.8896244168281555
178,1.1639845371246338,4.876133630205004e-07,0.2754945456981659,0.8882924318313599
179,1.1628152132034302,4.446770844879211e-07,0.2756471037864685,0.8869723081588745
180,1.1616568565368652,4.0495498865311674e-07,0.2757987678050995,0.8856638669967651
181,1.1605093479156494,3.6881482401440735e-07,0.27594953775405884,0.8843671083450317
182,1.159372091293335,3.3648640851424716e-07,0.27609944343566895,0.8830817341804504
183,1.158245325088501,3.0649655968773004e-07,0.27624842524528503,0.8818076252937317
184,1.157128930091858,2.787444088880875e-07,0.2763965427875519,0.8805445432662964
185,1.156022548675537,2.5430182404306834e-07,0.27654388546943665,0.8792923092842102
186,1.15492582321167,2.3216142608362134e-07,0.27669036388397217,0.8780509829521179
187,1.1538392305374146,2.120753066492398e-07,0.2768360376358032,0.8768200278282166
188,1.1527621746063232,1.937782627692286e-07,0.276980996131897,0.8755993843078613
189,1.1516945362091064,1.7675847630016506e-07,0.27712514996528625,0.8743891716003418
190,1.1506363153457642,1.6151534509845078e-07,0.27726858854293823,0.8731890320777893
191,1.1495872735977173,1.4730490249803552e-07,0.2774112820625305,0.8719986081123352
192,1.1485474109649658,1.3439189672226348e-07,0.2775532305240631,0.8708183169364929
193,1.1475163698196411,1.2282312411571183e-07,0.2776944935321808,0.8696473836898804
194,1.1464943885803223,1.1223247042835283e-07,0.2778351604938507,0.8684859871864319
195,1.145480990409851,1.0275719120045324e-07,0.27797505259513855,0.8673341870307922
196,1.1444761753082275,9.447864357525759e-08,0.27811428904533386,0.8661913871765137
197,1.1434799432754517,8.67300755658107e-08,0.2782529294490814,0.8650577664375305
198,1.1424919366836548,7.939012647284471e-08,0.27839088439941406,0.8639331459999084
199,1.141512155532837,7.28126607896229e-08,0.27852824330329895,0.8628174662590027
200,1.1405407190322876,6.676120989368428e-08,0.2786650061607361,0.8617103695869446
201,1.1395772695541382,6.127844898173862e-08,0.2788011431694031,0.8606119751930237
202,1.1386215686798096,5.640223221803353e-08,0.2789367139339447,0.8595220446586609
203,1.1376738548278809,5.205269815178326e-08,0.2790716290473938,0.8584405779838562
204,1.1367337703704834,4.820768495505945e-08,0.2792060673236847,0.8573672771453857
205,1.1358013153076172,4.4585579672684617e-08,0.2793399393558502,0.8563021421432495
206,1.1348764896392822,4.1412601348156386e-08,0.2794732451438904,0.8552451133728027
207,1.1339590549468994,3.845641316502224e-08,0.27960604429244995,0.8541960716247559
208,1.1330490112304688,3.576182905362657e-08,0.27973827719688416,0.8531548380851746
209,1.1321461200714111,3.337713394557795e-08,0.2798699736595154,0.8521213531494141
210,1.1312505006790161,3.110455182309124e-08,0.280001163482666,0.8510954976081848
211,1.1303616762161255,2.9169644477633483e-08,0.28013190627098083,0.8500771522521973
212,1.1294801235198975,2.7550083103733414e-08,0.2802620828151703,0.8490663766860962
213,1.1286053657531738,2.604809345996273e-08,0.2803918123245239,0.8480629324913025
214,1.127737283706665,2.460662784642409e-08,0.28052106499671936,0.8470667600631714
215,1.1268761157989502,2.3225682710403817e-08,0.2806498408317566,0.8460777401924133
216,1.1260212659835815,2.200414961350816e-08,0.280778169631958,0.8450958132743835
217,1.1251732110977173,2.0882163553892497e-08,0.28090599179267883,0.8441208004951477
218,1.1243317127227783,1.9815409757484304e-08,0.28103339672088623,0.8431528806686401
219,1.1234965324401855,1.8847707394797908e-08,0.2811603248119354,0.8421918749809265
220,1.122667670249939,1.7874878466273003e-08,0.2812868356704712,0.841237485408783
221,1.121845006942749,1.698903062674617e-08,0.2814129590988159,0.8402897119522095
222,1.1210287809371948,1.610285238484721e-08,0.28153860569000244,0.8393486142158508
223,1.1202185153961182,1.5306135026094125e-08,0.28166383504867554,0.8384140729904175
224,1.1194143295288086,1.4591436503508248e-08,0.2817886769771576,0.8374860286712646
225,1.118615984916687,1.3914442043017061e-08,0.28191307187080383,0.836564302444458
226,1.1178237199783325,1.336461163958802e-08,0.28203707933425903,0.8356488943099976
227,1.117037296295166,1.2921604231053152e-08,0.2821606993675232,0.834739625453949
228,1.116256594657898,1.2502079371756736e-08,0.2822839319705963,0.8338366746902466
229,1.1154816150665283,1.2118603898159108e-08,0.2824067771434784,0.8329397439956665
230,1.1147122383117676,1.175728581159774e-08,0.28252920508384705,0.8320488929748535
231,1.1139485836029053,1.1420607570755692e-08,0.28265130519866943,0.8311639428138733
232,1.1131904125213623,1.1155365520210125e-08,0.2827729880809784,0.8302849531173706
233,1.1124377250671387,1.0905998770738279e-08,0.2828943431377411,0.8294117450714111
234,1.1116904020309448,1.0672507322340152e-08,0.28301531076431274,0.8285443186759949
235,1.1109485626220703,1.051772713367427e-08,0.28313592076301575,0.827682614326477
236,1.1102118492126465,1.0346246526182767e-08,0.2832561731338501,0.8268265724182129
237,1.109480619430542,1.018369477634451e-08,0.2833760976791382,0.8259761929512024
238,1.1087543964385986,1.0060995592198196e-08,0.2834956645965576,0.8251312375068665
239,1.108033299446106,9.903900810570576e-09,0.2836149036884308,0.8242916464805603
240,1.107317328453064,9.752759488890206e-09,0.2837337851524353,0.8234577178955078
241,1.1066064834594727,9.58193968614296e-09,0.28385230898857117,0.822628915309906
242,1.105900526046753,9.44270439617867e-09,0.28397053480148315,0.8218055367469788
243,1.1051995754241943,9.321990290800386e-09,0.28408846259117126,0.8209874629974365
244,1.1045035123825073,9.20590537134558e-09,0.2842060327529907,0.8201744556427002
245,1.1038122177124023,9.107018250631427e-09,0.28432324528694153,0.8193666338920593
246,1.1031256914138794,9.024006430990994e-09,0.28444021940231323,0.8185641169548035
247,1.1024439334869385,8.917678151476593e-09,0.28455686569213867,0.8177663683891296
248,1.10176682472229,8.870549628170465e-09,0.28467315435409546,0.8169738054275513
249,1.1010944843292236,8.824414088337562e-09,0.284789115190506,0.8161861300468445
250,1.1004267930984497,8.779269755621044e-09,0.2849048376083374,0.8154033422470093
251,1.0997635126113892,8.699069020678962e-09,0.28502029180526733,0.8146253824234009
252,1.0991047620773315,8.619860381031685e-09,0.2851353883743286,0.8138522505760193
253,1.0984505414962769,8.541643836679214e-09,0.285250186920166,0.8130838871002197
254,1.0978007316589355,8.464419387621547e-09,0.28536465764045715,0.8123202323913574
255,1.097155213356018,8.388187033858685e-09,0.28547894954681396,0.8115611672401428
256,1.0965142250061035,8.312946775390628e-09,0.2855928838253021,0.8108068704605103
257,1.0958774089813232,8.208768775830322e-09,0.2857065498828888,0.8100571036338806
258,1.0952448844909668,8.106574078681206e-09,0.285819947719574,0.8093117475509644
259,1.0946166515350342,8.00636446030012e-09,0.2859330475330353,0.8085710406303406
260,1.0939924716949463,7.908139032508643e-09,0.2860458791255951,0.8078347444534302
261,1.0933724641799927,7.811897795306777e-09,0.2861584424972534,0.8071029186248779
262,1.0927566289901733,7.71764163687294e-09,0.28627076745033264,0.8063753247261047
263,1.0921448469161987,7.55459339529807e-09,0.286382794380188,0.8056522011756897
264,1.0915371179580688,7.394853174247373e-09,0.28649455308914185,0.8049333095550537
265,1.0909334421157837,7.263059487172541e-09,0.2866060435771942,0.8042187094688416
266,1.0903337001800537,7.1335803930594466e-09,0.2867172658443451,0.8035082817077637
267,1.0897377729415894,7.006416335997301e-09,0.28682827949523926,0.8028020858764648
268,1.0891458988189697,6.881567760075313e-09,0.28693902492523193,0.8021000027656555
269,1.0885578393936157,6.759033777115064e-09,0.28704944252967834,0.8014019727706909
270,1.0879734754562378,6.674202968071086e-09,0.28715968132019043,0.8007081151008606
271,1.087393045425415,6.591025503155379e-09,0.287269651889801,0.800018310546875
272,1.0868163108825684,6.5095018264571536e-09,0.28737935423851013,0.7993324398994446
273,1.0862432718276978,6.4296314938872e-09,0.28748881816864014,0.7986506223678589
274,1.0856740474700928,6.351414949534728e-09,0.2875981032848358,0.797972559928894
275,1.0851083993911743,6.274852193399738e-09,0.28770706057548523,0.7972985506057739
276,1.084546446800232,6.19994278139302e-09,0.2878158390522003,0.7966283559799194
277,1.0839879512786865,6.126687157603783e-09,0.28792431950569153,0.7959619760513306
278,1.0834332704544067,6.055084877942818e-09,0.2880326509475708,0.7952994108200073
279,1.0828819274902344,5.9851363864993345e-09,0.2881406843662262,0.7946407198905945
280,1.0823341608047485,5.916841683273333e-09,0.2882484793663025,0.7939856648445129
281,1.0817898511886597,5.850200768264813e-09,0.28835606575012207,0.7933343052864075
282,1.0812489986419678,5.785213197384564e-09,0.28846341371536255,0.7926866412162781
283,1.0807116031646729,5.721879414721798e-09,0.2885705232620239,0.79204261302948
284,1.0801775455474854,5.703193028949727e-09,0.28867748379707336,0.7914022207260132
285,1.0796469449996948,5.684837933728204e-09,0.28878411650657654,0.7907653450965881
286,1.0791196823120117,5.66681324087881e-09,0.2888905704021454,0.7901321053504944
287,1.0785956382751465,5.66681324087881e-09,0.2889968156814575,0.7895023822784424
288,1.0780749320983887,5.66681324087881e-09,0.2891028821468353,0.7888761758804321
289,1.0775573253631592,5.66681324087881e-09,0.28920862078666687,0.7882534265518188
290,1.0770431756973267,5.66681324087881e-09,0.28931424021720886,0.7876340746879578
291,1.076532244682312,5.66681324087881e-09,0.289419561624527,0.7870182394981384
292,1.0760242938995361,5.66681324087881e-09,0.28952470421791077,0.7864056825637817
293,1.0755196809768677,5.66681324087881e-09,0.28962963819503784,0.7857966423034668
294,1.0750181674957275,5.66681324087881e-09,0.2897343635559082,0.7851907014846802
295,1.0745196342468262,5.66681324087881e-09,0.2898389399051666,0.7845882773399353
296,1.0740242004394531,5.66681324087881e-09,0.28994321823120117,0.7839890718460083
297,1.073531985282898,5.66681324087881e-09,0.2900473177433014,0.7833930850028992
298,1.073042631149292,5.66681324087881e-09,0.2901512384414673,0.7828002572059631
299,1.0725562572479248,5.66681324087881e-09,0.29025495052337646,0.7822108268737793
300,1.0720731019973755,5.66681324087881e-09,0.29035842418670654,0.781624436378479
301,1.0715926885604858,5.66681324087881e-09,0.2904617488384247,0.7810413241386414
302,1.071115255355835,5.66681324087881e-09,0.2905648350715637,0.7804612517356873
303,1.0706408023834229,5.66681324087881e-09,0.29066774249076843,0.7798842191696167
304,1.07016921043396,5.66681324087881e-09,0.29077041149139404,0.779310405254364
305,1.0697004795074463,5.66681324087881e-09,0.2908729314804077,0.7787396311759949
306,1.0692346096038818,5.66681324087881e-09,0.2909752130508423,0.7781718969345093
307,1.0687716007232666,5.66681324087881e-09,0.2910773456096649,0.7776071429252625
308,1.0683112144470215,5.66681324087881e-09,0.29117923974990845,0.7770453691482544
309,1.0678539276123047,5.66681324087881e-09,0.29128098487854004,0.7764866352081299
310,1.067399024963379,5.66681324087881e-09,0.2913825213909149,0.7759308218955994
311,1.066947102546692,5.66681324087881e-09,0.29148387908935547,0.7753778696060181
312,1.0664979219436646,5.66681324087881e-09,0.2915850281715393,0.7748279571533203
313,1.0660513639450073,5.66681324087881e-09,0.2916860282421112,0.774280846118927
314,1.0656074285507202,5.66681324087881e-09,0.2917867600917816,0.7737365365028381
315,1.0651662349700928,5.66681324087881e-09,0.29188740253448486,0.7731951475143433
316,1.0647276639938354,5.66681324087881e-09,0.291987806558609,0.7726565599441528
317,1.0642917156219482,5.66681324087881e-09,0.29208803176879883,0.7721207737922668
318,1.0638582706451416,5.66681324087881e-09,0.2921880781650543,0.7715878486633301
319,1.0634276866912842,5.66681324087881e-09,0.2922879755496979,0.7710575461387634
320,1.0629993677139282,5.66681324087881e-09,0.29238763451576233,0.7705300450325012
321,1.0625736713409424,5.66681324087881e-09,0.29248714447021484,0.7700051665306091
322,1.062150478363037,5.66681324087881e-09,0.2925865054130554,0.7694830298423767
323,1.061729907989502,5.66681324087881e-09,0.2926856577396393,0.768963634967804
324,1.0613117218017578,5.66681324087881e-09,0.29278460144996643,0.7684469819068909
325,1.0608960390090942,5.66681324087881e-09,0.29288339614868164,0.7679327130317688
326,1.0604827404022217,5.66681324087881e-09,0.2929820418357849,0.7674212455749512
327,1.0600719451904297,5.66681324087881e-09,0.29308047890663147,0.7669124007225037
328,1.0596635341644287,5.66681324087881e-09,0.2931787371635437,0.7664060592651367
329,1.0592575073242188,5.66681324087881e-09,0.293276846408844,0.7659023404121399
330,1.0588538646697998,5.66681324087881e-09,0.29337477684020996,0.7654011845588684
331,1.0584526062011719,5.66681324087881e-09,0.2934725284576416,0.7649025917053223
332,1.0580536127090454,5.66681324087881e-09,0.2935701310634613,0.7644063830375671
333,1.05765700340271,5.66681324087881e-09,0.2936675548553467,0.7639126777648926
334,1.057262897491455,5.66681324087881e-09,0.2937648296356201,0.7634214758872986
335,1.0568708181381226,5.66681324087881e-09,0.29386186599731445,0.7629327178001404
336,1.056481122970581,5.66681324087881e-09,0.2939588129520416,0.762446403503418
337,1.056093692779541,5.66681324087881e-09,0.2940555512905121,0.7619625329971313
338,1.055708408355713,5.66681324087881e-09,0.2941521108150482,0.7614811062812805
339,1.0553255081176758,5.66681324087881e-09,0.2942485809326172,0.7610020637512207
340,1.0549447536468506,5.66681324087881e-09,0.29434481263160706,0.7605253458023071
341,1.0545661449432373,5.66681324087881e-09,0.2944409251213074,0.7600510120391846
342,1.0541898012161255,5.66681324087881e-09,0.29453685879707336,0.7595790028572083
343,1.053815484046936,5.66681324087881e-09,0.29463261365890503,0.759109377861023
344,1.053443431854248,5.66681324087881e-09,0.29472821950912476,0.7586420178413391
345,1.0530734062194824,5.66681324087881e-09,0.29482367634773254,0.7581769824028015
346,1.0527055263519287,5.66681324087881e-09,0.2949189245700836,0.7577142119407654
347,1.0523399114608765,5.66681324087881e-09,0.29501408338546753,0.7572536468505859
348,1.0519764423370361,5.66681324087881e-09,0.2951090335845947,0.7567954063415527
349,1.051614761352539,5.66681324087881e-09,0.29520383477211,0.7563393115997314
350,1.0512553453445435,5.66681324087881e-09,0.2952984869480133,0.7558854818344116
351,1.0508979558944702,5.66681324087881e-09,0.2953929901123047,0.7554338574409485
352,1.0505424737930298,5.66681324087881e-09,0.29548731446266174,0.7549844980239868
353,1.0501890182495117,5.66681324087881e-09,0.29558151960372925,0.7545371651649475
354,1.0498377084732056,5.66681324087881e-09,0.29567551612854004,0.7540921568870544
355,1.0494883060455322,5.66681324087881e-09,0.2957693934440613,0.7536491751670837
356,1.0491409301757812,5.66681324087881e-09,0.2958631217479706,0.7532082796096802
357,1.048795461654663,5.66681324087881e-09,0.29595670104026794,0.7527695298194885
358,1.0484519004821777,5.66681324087881e-09,0.296050101518631,0.7523329854011536
359,1.0481103658676147,5.66681324087881e-09,0.2961433529853821,0.751898467540741
360,1.047770619392395,5.66681324087881e-09,0.29623648524284363,0.751465916633606
361,1.0474328994750977,5.66681324087881e-09,0.29632940888404846,0.7510355710983276
362,1.0470972061157227,5.66681324087881e-09,0.29642224311828613,0.7506071329116821
363,1.0467631816864014,5.66681324087881e-09,0.2965148985385895,0.7501808404922485
364,1.046431064605713,5.66681324087881e-09,0.2966073751449585,0.7497564554214478
365,1.0461007356643677,5.66681324087881e-09,0.29669973254203796,0.7493341565132141
366,1.0457724332809448,5.66681324087881e-09,0.2967919409275055,0.7489139437675476
367,1.0454459190368652,5.66681324087881e-09,0.2968840003013611,0.7484955787658691
368,1.045121192932129,5.66681324087881e-09,0.29697591066360474,0.7480791211128235
369,1.0447981357574463,5.66681324087881e-09,0.29706767201423645,0.747664749622345
370,1.044477105140686,5.66681324087881e-09,0.297159343957901,0.7472522258758545
371,1.0441577434539795,5.66681324087881e-09,0.29725077748298645,0.7468416094779968
372,1.0438401699066162,5.66681324087881e-09,0.29734212160110474,0.7464330196380615
373,1.0435242652893066,5.66681324087881e-09,0.2974333167076111,0.7460262179374695
374,1.0432101488113403,5.66681324087881e-09,0.2975243628025055,0.745621383190155
375,1.0428978204727173,5.6491198385799635e-09,0.29761525988578796,0.7452183961868286
376,1.042587161064148,5.631756394564036e-09,0.2977060079574585,0.744817316532135
377,1.0422782897949219,5.6147242410986564e-09,0.2977966070175171,0.7444179654121399
378,1.0419710874557495,5.5980224900054054e-09,0.29788708686828613,0.7440206408500671
379,1.0416655540466309,5.581651585373493e-09,0.29797738790512085,0.7436248660087585
380,1.041361689567566,5.565611527202918e-09,0.298067569732666,0.7432311773300171
381,1.0410594940185547,5.549901871404472e-09,0.29815760254859924,0.7428391575813293
382,1.0407589673995972,5.5345235061565745e-09,0.2982475459575653,0.7424489855766296
383,1.0404601097106934,5.519475099191595e-09,0.29833731055259705,0.7420606017112732
384,1.0401628017425537,5.504757982777164e-09,0.29842692613601685,0.7416739463806152
385,1.0398671627044678,5.490371268734862e-09,0.2985163927078247,0.7412890791893005
386,1.0395731925964355,5.476315845243107e-09,0.298605740070343,0.7409060001373291
387,1.039280891418457,5.462590380034271e-09,0.2986949384212494,0.7405245900154114
388,1.0389899015426636,5.4491962053759835e-09,0.2987839877605438,0.7401449084281921
389,1.0387005805969238,5.436132433089824e-09,0.2988729476928711,0.7397668957710266
390,1.0384129285812378,5.423399507265003e-09,0.29896172881126404,0.7393907308578491
391,1.0381267070770264,5.4109974279015205e-09,0.29905036091804504,0.7390161156654358
392,1.0378421545028687,5.398925750910166e-09,0.2991389036178589,0.7386431694030762
393,1.0375590324401855,5.38718536446936e-09,0.2992272675037384,0.7382720112800598
394,1.0372775793075562,5.375774936311473e-09,0.29931551218032837,0.7379024624824524
395,1.0369975566864014,5.364695798704133e-09,0.29940366744995117,0.7375345826148987
396,1.0367190837860107,5.364695798704133e-09,0.29949161410331726,0.7371682524681091
397,1.0364420413970947,5.364695798704133e-09,0.2995794415473938,0.7368036508560181
398,1.0361664295196533,5.364695798704133e-09,0.2996671497821808,0.7364405393600464
399,1.0358924865722656,5.364695798704133e-09,0.2997547388076782,0.736079216003418
400,1.035619854927063,5.364695798704133e-09,0.2998422086238861,0.7357193827629089
401,1.035348653793335,5.364695798704133e-09,0.2999294698238373,0.7353610992431641
402,1.035079002380371,5.364695798704133e-09,0.3000166714191437,0.7350044846534729
403,1.0348107814788818,5.364695798704133e-09,0.30010372400283813,0.7346494793891907
404,1.0345438718795776,5.364695798704133e-09,0.3001905679702759,0.7342959046363831
405,1.0342785120010376,5.347001952316077e-09,0.3002774119377136,0.7339439392089844
406,1.0340144634246826,5.3296389523893595e-09,0.30036401748657227,0.7335934638977051
407,1.0337519645690918,5.31260679892398e-09,0.30045056343078613,0.7332445383071899
408,1.0334906578063965,5.295905047830729e-09,0.3005369305610657,0.7328972220420837
409,1.0332307815551758,5.279534143198816e-09,0.30062317848205566,0.7325512766838074
410,1.0329724550247192,5.263494085028242e-09,0.30070924758911133,0.7322069406509399
411,1.0327153205871582,5.247784429229796e-09,0.300795316696167,0.7318640351295471
412,1.0324596166610718,5.232405619892688e-09,0.30088114738464355,0.7315226793289185
413,1.0322051048278809,5.217357657016919e-09,0.30096691846847534,0.7311826944351196
414,1.031952142715454,5.202640540602488e-09,0.3010525107383728,0.7308443188667297
415,1.0317004919052124,5.188253826560185e-09,0.3011379837989807,0.7305073142051697
416,1.0314500331878662,5.174197958979221e-09,0.3012233376502991,0.7301716804504395
417,1.0312010049819946,5.160472937859595e-09,0.3013085722923279,0.7298375964164734
418,1.0309531688690186,5.147078763201307e-09,0.30139368772506714,0.7295048236846924
419,1.0307066440582275,5.134014990915148e-09,0.30147865414619446,0.7291736006736755
420,1.030461311340332,5.121282065090327e-09,0.30156347155570984,0.7288437485694885
421,1.0302175283432007,5.108879985726844e-09,0.30164822936058044,0.7285152077674866
422,1.0299748182296753,5.09680830873549e-09,0.30173277854919434,0.728188157081604
423,1.029733419418335,5.085067478205474e-09,0.30181729793548584,0.727862536907196
424,1.0294932126998901,5.073657494136796e-09,0.30190160870552063,0.7275381684303284
425,1.02925443649292,5.062578356529457e-09,0.30198583006858826,0.7272152304649353
426,1.0290166139602661,5.062578356529457e-09,0.30206990242004395,0.7268936634063721
427,1.028780221939087,5.062578356529457e-09,0.30215388536453247,0.7265734672546387
428,1.0285449028015137,5.062578356529457e-09,0.30223771929740906,0.7262545824050903
429,1.028311014175415,5.062578356529457e-09,0.3023214340209961,0.725937008857727
430,1.0280780792236328,5.062578356529457e-09,0.3024050295352936,0.7256207466125488
431,1.0278465747833252,5.062578356529457e-09,0.3024885058403015,0.7253058552742004
432,1.027616262435913,5.062578356529457e-09,0.3025718331336975,0.7249922752380371
433,1.0273869037628174,5.062578356529457e-09,0.30265504121780396,0.7246799468994141
434,1.0271589756011963,5.062578356529457e-09,0.30273815989494324,0.7243689298629761
435,1.0269320011138916,5.062578356529457e-09,0.3028211295604706,0.7240592837333679
436,1.0267062187194824,5.062578356529457e-09,0.30290403962135315,0.7237508893013
437,1.0264816284179688,5.062578356529457e-09,0.3029867112636566,0.7234436869621277
438,1.0262582302093506,5.062578356529457e-09,0.3030693531036377,0.7231377959251404
439,1.0260359048843384,5.062578356529457e-09,0.30315184593200684,0.7228331565856934
440,1.0258147716522217,5.062578356529457e-09,0.3032342493534088,0.7225297689437866
441,1.025594711303711,5.062578356529457e-09,0.30331650376319885,0.7222276926040649
442,1.0253758430480957,5.062578356529457e-09,0.30339860916137695,0.721926748752594
443,1.0251579284667969,5.062578356529457e-09,0.3034806251525879,0.7216270565986633
444,1.024941325187683,5.062578356529457e-09,0.30356255173683167,0.721328616142273
445,1.0247254371643066,5.062578356529457e-09,0.3036442995071411,0.7210313677787781
446,1.0245110988616943,5.062578356529457e-09,0.3037259578704834,0.7207353711128235
447,1.0242977142333984,5.062578356529457e-09,0.30380746722221375,0.7204405069351196
448,1.0240851640701294,5.062578356529457e-09,0.30388888716697693,0.720146894454956
449,1.0238739252090454,5.062578356529457e-09,0.30397018790245056,0.7198544144630432
450,1.0236636400222778,5.062578356529457e-09,0.30405136942863464,0.7195631861686707
451,1.0234545469284058,5.062578356529457e-09,0.30413246154785156,0.7192729711532593
452,1.02324640750885,5.062578356529457e-09,0.30421337485313416,0.7189841270446777
453,1.0230392217636108,5.062578356529457e-09,0.3042941987514496,0.7186962962150574
454,1.0228331089019775,5.062578356529457e-09,0.30437493324279785,0.7184096574783325
455,1.0226280689239502,5.062578356529457e-09,0.30445554852485657,0.7181242108345032
456,1.0224241018295288,5.062578356529457e-09,0.30453604459762573,0.717839777469635
457,1.0222210884094238,5.062578356529457e-09,0.30461636185646057,0.7175565361976624
458,1.0220190286636353,5.062578356529457e-09,0.30469658970832825,0.7172744870185852
459,1.0218180418014526,5.062578356529457e-09,0.30477672815322876,0.716993510723114
460,1.0216180086135864,5.062578356529457e-09,0.3048567771911621,0.716713547706604
461,1.0214189291000366,5.062578356529457e-09,0.3049366772174835,0.7164347767829895
462,1.0212209224700928,5.062578356529457e-09,0.305016428232193,0.7161571383476257
463,1.0210239887237549,5.062578356529457e-09,0.3050961494445801,0.7158805131912231
464,1.0208278894424438,5.062578356529457e-09,0.30517566204071045,0.7156049609184265
465,1.0206327438354492,5.062578356529457e-09,0.30525514483451843,0.7153306007385254
466,1.0204384326934814,5.062578356529457e-09,0.3053344488143921,0.7150571942329407
467,1.0202453136444092,5.062578356529457e-09,0.3054136633872986,0.7147849202156067
468,1.0200530290603638,5.062578356529457e-09,0.3054927587509155,0.7145137190818787
469,1.0198616981506348,5.062578356529457e-09,0.3055717647075653,0.7142435312271118
470,1.0196712017059326,5.062578356529457e-09,0.30565065145492554,0.7139744162559509
471,1.019481897354126,5.062578356529457e-09,0.30572938919067383,0.7137063145637512
472,1.0192933082580566,5.062578356529457e-09,0.30580806732177734,0.7134392261505127
473,1.0191056728363037,5.062578356529457e-09,0.30588656663894653,0.7131732106208801
474,1.0189191102981567,5.062578356529457e-09,0.30596500635147095,0.7129082083702087
475,1.0187331438064575,5.019583859677823e-09,0.3060433268547058,0.7126442193984985
476,1.0185482501983643,4.9779127486715424e-09,0.3061215579509735,0.7123811841011047
477,1.0183643102645874,4.937564135332195e-09,0.3061996400356293,0.7121192812919617
478,1.018181324005127,4.8985384637489915e-09,0.30627763271331787,0.711858332157135
479,1.0179989337921143,4.860835733921931e-09,0.3063555061817169,0.7115983366966248
480,1.0178176164627075,4.824455945851014e-09,0.3064332604408264,0.7113393545150757
481,1.0176371335983276,4.78939909953624e-09,0.30651092529296875,0.711081326007843
482,1.0174576044082642,4.75566519497761e-09,0.30658847093582153,0.7108243107795715
483,1.0172789096832275,4.682905618835775e-09,0.30666589736938477,0.7105682492256165
484,1.0171010494232178,4.612791926206228e-09,0.30674320459365845,0.7103132009506226
485,1.0169239044189453,4.527629826611701e-09,0.30682042241096497,0.7100591063499451
486,1.0167478322982788,4.445444901080009e-09,0.3068975508213043,0.709805965423584
487,1.0165724754333496,4.366235817343522e-09,0.3069745600223541,0.7095537185668945
488,1.0163979530334473,4.29000390766987e-09,0.307051420211792,0.7093024849891663
489,1.0162242650985718,4.216748283880634e-09,0.3071282207965851,0.7090521454811096
490,1.0160514116287231,4.146468945975812e-09,0.30720484256744385,0.7088027596473694
491,1.0158793926239014,4.079166338044615e-09,0.3072814345359802,0.708554208278656
492,1.0157082080841064,4.0148404600870435e-09,0.30735790729522705,0.7083067893981934
493,1.015537977218628,3.953490868013887e-09,0.3074342608451843,0.708060085773468
494,1.0153682231903076,3.8951175618251455e-09,0.30751046538352966,0.7078143954277039
495,1.0151994228363037,3.839721429699239e-09,0.3075866103172302,0.7075695395469666
496,1.0150314569473267,3.78382880583672e-09,0.3076626658439636,0.7073256373405457
497,1.014864206314087,3.734385245479643e-09,0.3077385723590851,0.7070827484130859
498,1.0146979093551636,3.7004859176903437e-09,0.30781444907188416,0.7068405747413635
499,1.014532208442688,3.668240156073921e-09,0.3078901171684265,0.7065994143486023
500,1.0143675804138184,3.6376481826749796e-09,0.3079656958580017,0.7063590288162231
501,1.0142033100128174,3.60870955340431e-09,0.30804118514060974,0.7061195373535156
502,1.0140401124954224,3.5814247123511223e-09,0.3081165850162506,0.7058809399604797
503,1.0138776302337646,3.555793659515416e-09,0.3081918954849243,0.7056431770324707
504,1.0137157440185547,3.5443834534021335e-09,0.30826708674430847,0.7054063677787781
505,1.0135548114776611,3.533304315794794e-09,0.3083421587944031,0.7051703929901123
506,1.0133944749832153,3.533304315794794e-09,0.30841708183288574,0.7049352526664734
507,1.0132349729537964,3.533304315794794e-09,0.3084920048713684,0.7047009468078613
508,1.0130760669708252,3.533304315794794e-09,0.30856674909591675,0.7044675350189209
509,1.0129181146621704,3.533304315794794e-09,0.3086414039134979,0.7042348980903625
510,1.0127607583999634,3.533304315794794e-09,0.30871596932411194,0.7040031552314758
511,1.0126042366027832,3.533304315794794e-09,0.3087904155254364,0.7037721276283264
512,1.0124484300613403,3.533304315794794e-09,0.3088647723197937,0.7035420536994934
513,1.0122931003570557,3.533304315794794e-09,0.30893903970718384,0.7033128142356873
514,1.0121387243270874,3.533304315794794e-09,0.3090131878852844,0.7030843496322632
515,1.0119850635528564,3.533304315794794e-09,0.30908721685409546,0.7028566598892212
516,1.0118319988250732,3.533304315794794e-09,0.30916112661361694,0.702629804611206
517,1.0116798877716064,3.533304315794794e-09,0.30923497676849365,0.7024038434028625
518,1.0115282535552979,3.533304315794794e-09,0.3093086779117584,0.7021784782409668
519,1.0113770961761475,3.533304315794794e-09,0.3093823492527008,0.7019540667533875
520,1.011227011680603,3.533304315794794e-09,0.30945587158203125,0.7017303705215454
521,1.0110774040222168,3.533304315794794e-09,0.30952930450439453,0.7015075087547302
522,1.0109285116195679,3.533304315794794e-09,0.30960261821746826,0.7012854218482971
523,1.0107803344726562,3.533304315794794e-09,0.30967584252357483,0.7010641694068909
524,1.010632872581482,3.533304315794794e-09,0.30974897742271423,0.7008435130119324
525,1.010486125946045,3.533304315794794e-09,0.3098220229148865,0.7006237506866455
526,1.0103398561477661,3.533304315794794e-09,0.30989494919776917,0.7004047632217407
527,1.0101944208145142,3.533304315794794e-09,0.3099677264690399,0.7001866102218628
528,1.01004958152771,3.533304315794794e-09,0.31004050374031067,0.6999690532684326
529,1.0099053382873535,3.533304315794794e-09,0.3101131319999695,0.6997523307800293
530,1.0097618103027344,3.533304315794794e-09,0.31018567085266113,0.6995363235473633
531,1.009618878364563,3.533304315794794e-09,0.31025809049606323,0.6993210911750793
532,1.009476661682129,3.533304315794794e-09,0.31033042073249817,0.6991066336631775
533,1.0093350410461426,3.533304315794794e-09,0.31040266156196594,0.6988928318023682
534,1.009194016456604,3.533304315794794e-09,0.31047478318214417,0.6986798048019409
535,1.0090537071228027,3.533304315794794e-09,0.3105468153953552,0.6984675526618958
536,1.0089139938354492,3.533304315794794e-09,0.3106187880039215,0.6982560157775879
537,1.0087748765945435,3.533304315794794e-09,0.31069058179855347,0.6980451345443726
538,1.0086363554000854,3.533304315794794e-09,0.31076231598854065,0.6978350281715393
539,1.0084985494613647,3.533304315794794e-09,0.3108339309692383,0.6976255178451538
540,1.0083613395690918,3.533304315794794e-09,0.31090548634529114,0.6974167823791504
541,1.008224606513977,3.533304315794794e-09,0.31097692251205444,0.6972088813781738
542,1.0080885887145996,3.533304315794794e-09,0.3110482692718506,0.6970015168190002
543,1.00795316696167,3.533304315794794e-09,0.31111952662467957,0.6967949867248535
544,1.007818341255188,3.533304315794794e-09,0.311190664768219,0.6965891122817993
545,1.0076842308044434,3.533304315794794e-09,0.31126174330711365,0.6963838338851929
546,1.0075504779815674,3.533304315794794e-09,0.31133270263671875,0.6961793303489685
547,1.0074174404144287,3.533304315794794e-09,0.3114035725593567,0.6959754824638367
548,1.0072851181030273,3.533304315794794e-09,0.3114743232727051,0.6957722902297974
549,1.007153034210205,3.533304315794794e-09,0.3115449845790863,0.6955698132514954
550,1.0070219039916992,3.533304315794794e-09,0.31161555647850037,0.6953680515289307
551,1.006891131401062,3.533304315794794e-09,0.31168606877326965,0.6951669454574585
552,1.0067609548568726,3.533304315794794e-09,0.31175652146339417,0.6949664950370789
553,1.0066313743591309,3.533304315794794e-09,0.31182679533958435,0.6947667002677917
554,1.006502389907837,3.533304315794794e-09,0.3118969798088074,0.6945675015449524
555,1.0063738822937012,3.533304315794794e-09,0.3119671046733856,0.6943690776824951
556,1.0062459707260132,3.533304315794794e-09,0.31203708052635193,0.694171130657196
557,1.0061187744140625,3.533304315794794e-09,0.31210702657699585,0.693973958492279
558,1.0059919357299805,3.533304315794794e-09,0.31217682361602783,0.6937774419784546
559,1.0058655738830566,3.533304315794794e-09,0.31224656105041504,0.6935815811157227
560,1.0057400465011597,3.533304315794794e-09,0.3123162090778351,0.6933863162994385
561,1.0056147575378418,3.533304315794794e-09,0.3123857080936432,0.693191647529602
562,1.0054901838302612,3.533304315794794e-09,0.3124552071094513,0.6929976940155029
563,1.0053660869598389,3.533304315794794e-09,0.31252455711364746,0.6928043365478516
564,1.0052425861358643,3.533304315794794e-09,0.31259384751319885,0.6926116347312927
565,1.0051195621490479,3.533304315794794e-09,0.3126629889011383,0.6924195289611816
566,1.0049971342086792,3.533304315794794e-09,0.312732070684433,0.6922280192375183
567,1.0048751831054688,3.533304315794794e-09,0.3128010332584381,0.6920371651649475
568,1.004753828048706,3.533304315794794e-09,0.31286996603012085,0.6918469071388245
569,1.004632830619812,3.533304315794794e-09,0.31293877959251404,0.691657304763794
570,1.0045124292373657,3.533304315794794e-09,0.3130074739456177,0.6914682388305664
571,1.0043926239013672,3.533304315794794e-09,0.31307610869407654,0.6912797689437866
572,1.0042732954025269,3.533304315794794e-09,0.31314465403556824,0.6910920143127441
573,1.0041544437408447,3.533304315794794e-09,0.313213050365448,0.6909047365188599
574,1.0040360689163208,3.533304315794794e-09,0.31328147649765015,0.6907181143760681
575,1.003918170928955,3.533304315794794e-09,0.3133496940135956,0.6905320286750793
576,1.0038007497787476,3.533304315794794e-09,0.31341788172721863,0.6903465986251831
577,1.0036839246749878,3.533304315794794e-09,0.31348592042922974,0.6901617646217346
578,1.0035675764083862,3.533304315794794e-09,0.31355392932891846,0.6899774670600891
579,1.0034517049789429,3.533304315794794e-09,0.3136218190193176,0.6897937655448914
580,1.0033363103866577,3.533304315794794e-09,0.313689649105072,0.6896107196807861
581,1.0032213926315308,3.533304315794794e-09,0.31375735998153687,0.6894281506538391
582,1.0031070709228516,3.533304315794794e-09,0.31382501125335693,0.6892459988594055
583,1.002993106842041,3.533304315794794e-09,0.31389251351356506,0.6890647411346436
584,1.0028798580169678,3.533304315794794e-09,0.3139599561691284,0.688883900642395
585,1.002766728401184,3.533304315794794e-09,0.3140273094177246,0.6887035965919495
586,1.0026541948318481,3.533304315794794e-09,0.314094603061676,0.6885238289833069
587,1.0025420188903809,3.533304315794794e-09,0.3141617774963379,0.6883447170257568
588,1.0024305582046509,3.533304315794794e-09,0.3142288625240326,0.688166081905365
589,1.002319574356079,3.533304315794794e-09,0.3142959177494049,0.6879880428314209
590,1.0022088289260864,3.533304315794794e-09,0.31436285376548767,0.687810480594635
591,1.0020986795425415,3.533304315794794e-09,0.3144296705722809,0.6876335740089417
592,1.0019890069961548,3.533304315794794e-09,0.31449639797210693,0.6874572038650513
593,1.0018796920776367,3.533304315794794e-09,0.3145630955696106,0.6872812509536743
594,1.0017708539962769,3.533304315794794e-09,0.3146296739578247,0.6871059536933899
595,1.0016624927520752,3.533304315794794e-09,0.3146961033344269,0.6869311332702637
596,1.0015546083450317,3.533304315794794e-09,0.31476253271102905,0.6867569088935852
597,1.001447081565857,3.533304315794794e-09,0.3148288428783417,0.6865830421447754
598,1.0013400316238403,3.533304315794794e-09,0.3148950934410095,0.6864099502563477
599,1.0012335777282715,3.533304315794794e-09,0.3149612247943878,0.6862372159957886
600,1.0011273622512817,3.533304315794794e-09,0.31502729654312134,0.6860650777816772
601,1.0010216236114502,3.533304315794794e-09,0.3150932788848877,0.6858934164047241
602,1.0009162425994873,3.533304315794794e-09,0.3151591420173645,0.6857223510742188
603,1.0008114576339722,3.533304315794794e-09,0.31522491574287415,0.6855517625808716
604,1.0007069110870361,3.533304315794794e-09,0.3152906596660614,0.6853817105293274
605,1.0006029605865479,3.533304315794794e-09,0.3153562843799591,0.6852119565010071
606,1.0004993677139282,3.533304315794794e-09,0.31542181968688965,0.6850429177284241
607,1.0003961324691772,3.533304315794794e-09,0.3154872953891754,0.6848744750022888
608,1.000293493270874,3.533304315794794e-09,0.31555265188217163,0.6847063302993774
609,1.00019109249115,3.533304315794794e-09,0.3156179189682007,0.6845388412475586
610,1.0000892877578735,3.533304315794794e-09,0.31568312644958496,0.6843717694282532
611,0.999987781047821,3.533304315794794e-09,0.31574827432632446,0.6842052340507507
612,0.999886691570282,3.533304315794794e-09,0.3158133327960968,0.6840390563011169
613,0.9997860193252563,3.533304315794794e-09,0.3158782422542572,0.6838735342025757
614,0.9996857047080994,3.533304315794794e-09,0.3159431517124176,0.6837083697319031
615,0.9995858073234558,3.533304315794794e-09,0.31600797176361084,0.6835437417030334
616,0.9994864463806152,3.533304315794794e-09,0.3160726726055145,0.6833796501159668
617,0.9993873834609985,3.533304315794794e-09,0.31613728404045105,0.6832159757614136
618,0.9992886781692505,3.533304315794794e-09,0.3162018060684204,0.6830528378486633
619,0.9991903305053711,3.533304315794794e-09,0.3162662982940674,0.6828901171684265
620,0.9990924000740051,3.533304315794794e-09,0.3163306415081024,0.6827279329299927
621,0.9989949464797974,3.533304315794794e-09,0.31639495491981506,0.6825661659240723
622,0.998897910118103,3.533304315794794e-09,0.31645914912223816,0.6824048757553101
623,0.9988011121749878,3.533304315794794e-09,0.31652331352233887,0.6822441220283508
624,0.9987047910690308,3.533304315794794e-09,0.31658735871315,0.6820837259292603
625,0.9986088275909424,3.533304315794794e-09,0.316651314496994,0.6819239258766174
626,0.9985132217407227,3.533304315794794e-09,0.31671521067619324,0.6817644238471985
627,0.9984180927276611,3.533304315794794e-09,0.3167790472507477,0.6816054582595825
628,0.9983232617378235,3.533304315794794e-09,0.3168427348136902,0.6814469695091248
629,0.9982288479804993,3.533304315794794e-09,0.3169064223766327,0.6812889575958252
630,0.9981347322463989,3.533304315794794e-09,0.31696996092796326,0.6811313629150391
631,0.998041033744812,3.533304315794794e-09,0.31703343987464905,0.6809742450714111
632,0.9979476928710938,3.533304315794794e-09,0.31709685921669006,0.6808174848556519
633,0.9978547096252441,3.533304315794794e-09,0.31716015934944153,0.6806612610816956
634,0.9977622032165527,3.533304315794794e-09,0.317223459482193,0.6805054545402527
635,0.9976698756217957,3.533304315794794e-09,0.31728658080101013,0.6803500652313232
636,0.9975780248641968,3.533304315794794e-09,0.31734973192214966,0.680195152759552
637,0.9974865913391113,3.533304315794794e-09,0.31741270422935486,0.6800406575202942
638,0.9973953366279602,3.533304315794794e-09,0.31747564673423767,0.6798866391181946
639,0.9973044395446777,3.533304315794794e-09,0.31753847002983093,0.6797330975532532
640,0.9972140789031982,3.533304315794794e-09,0.3176012337207794,0.6795797944068909
641,0.9971239566802979,3.533304315794794e-09,0.31766393780708313,0.6794270873069763
642,0.9970342516899109,3.533304315794794e-09,0.3177265524864197,0.6792747974395752
643,0.9969449043273926,3.533304315794794e-09,0.31778907775878906,0.679122805595398
644,0.9968558549880981,3.533304315794794e-09,0.31785154342651367,0.6789714097976685
645,0.9967670440673828,3.533304315794794e-09,0.31791388988494873,0.6788203716278076
646,0.9966786503791809,3.533304315794794e-09,0.3179762065410614,0.6786697506904602
647,0.9965906143188477,3.533304315794794e-09,0.3180384337902069,0.6785194873809814
648,0.9965029954910278,3.533304315794794e-09,0.31810054183006287,0.6783697009086609
649,0.9964156150817871,3.533304315794794e-09,0.3181626498699188,0.678220272064209
650,0.996328592300415,3.533304315794794e-09,0.3182246685028076,0.6780713200569153
651,0.9962419271469116,3.533304315794794e-09,0.31828656792640686,0.6779228448867798
652,0.9961555004119873,3.533304315794794e-09,0.3183484375476837,0.6777747273445129
653,0.9960695505142212,3.533304315794794e-09,0.318410187959671,0.67762690782547
654,0.9959839582443237,3.533304315794794e-09,0.31847184896469116,0.6774795651435852
655,0.995898425579071,3.533304315794794e-09,0.31853345036506653,0.6773326396942139
656,0.9958134293556213,3.533304315794794e-09,0.3185949921607971,0.677186131477356
657,0.9957287311553955,3.533304315794794e-09,0.31865644454956055,0.6770399808883667
658,0.9956443905830383,3.533304315794794e-09,0.3187178373336792,0.6768942475318909
659,0.9955602884292603,3.533304315794794e-09,0.3187791705131531,0.6767488718032837
660,0.995476484298706,3.533304315794794e-09,0.3188404142856598,0.6766039133071899
661,0.9953930377960205,3.533304315794794e-09,0.31890153884887695,0.6764593720436096
662,0.9953099489212036,3.533304315794794e-09,0.31896260380744934,0.6763153076171875
663,0.9952270984649658,3.533304315794794e-09,0.31902360916137695,0.6761714220046997
664,0.9951446056365967,3.533304315794794e-09,0.3190845847129822,0.6760280728340149
665,0.9950624704360962,3.533304315794794e-09,0.31914541125297546,0.675885021686554
666,0.9949806928634644,3.533304315794794e-09,0.319206178188324,0.6757424473762512
667,0.9948990345001221,3.533304315794794e-09,0.3192668855190277,0.6756002306938171
668,0.9948177933692932,3.533304315794794e-09,0.31932753324508667,0.6754584312438965
669,0.9947367906570435,3.533304315794794e-09,0.31938812136650085,0.6753169298171997
670,0.9946562647819519,3.533304315794794e-09,0.3194485604763031,0.6751758456230164
671,0.9945758581161499,3.533304315794794e-09,0.31950902938842773,0.6750350594520569
672,0.9944958090782166,3.533304315794794e-09,0.31956931948661804,0.6748947501182556
673,0.9944161176681519,3.522555580559583e-09,0.31962960958480835,0.674754798412323
674,0.9943366646766663,3.5121379138303155e-09,0.3196898102760315,0.6746151447296143
675,0.9942574501037598,3.5020506494731762e-09,0.31974995136260986,0.674475908279419
676,0.9941785931587219,3.4922942315773753e-09,0.3198099732398987,0.6743370890617371
677,0.994100034236908,3.4828686601429126e-09,0.3198699355125427,0.6741985082626343
678,0.9940217733383179,3.4737737131251833e-09,0.319929838180542,0.6740604043006897
679,0.9939438104629517,3.4650093905241874e-09,0.3199896812438965,0.673922598361969
680,0.9938660860061646,3.45657591438453e-09,0.3200494647026062,0.6737851500511169
681,0.9937886595726013,3.4484732847062105e-09,0.320109099149704,0.6736481189727783
682,0.9937115907669067,3.4407010574000196e-09,0.32016873359680176,0.6735113263130188
683,0.9936347007751465,3.433259898599772e-09,0.32022824883461,0.6733750700950623
684,0.9935581684112549,3.4261491421716528e-09,0.3202877342700958,0.6732390522956848
685,0.9934818744659424,3.419369454249477e-09,0.3203471601009369,0.6731034517288208
686,0.9934059381484985,3.4129201686994293e-09,0.3204064667224884,0.6729682087898254
687,0.993330180644989,3.40680172961072e-09,0.32046574354171753,0.6728332042694092
688,0.9932547807693481,3.401014136983349e-09,0.3205249011516571,0.6726986169815063
689,0.9931796789169312,3.3955571687727115e-09,0.3205840587615967,0.6725643277168274
690,0.9931046962738037,3.3904308249788073e-09,0.32064303755760193,0.6724304556846619
691,0.9930300712585449,3.3856353276462414e-09,0.32070207595825195,0.672296941280365
692,0.9929558038711548,3.381170676775014e-09,0.32076096534729004,0.6721636652946472
693,0.992881715297699,3.3770364282759147e-09,0.32081979513168335,0.6720308661460876
694,0.9928079843521118,3.3732332482827587e-09,0.3208785355091095,0.6718983054161072
695,0.992734432220459,3.3697604706617312e-09,0.32093727588653564,0.6717661023139954
696,0.9926611185073853,3.3697604706617312e-09,0.32099589705467224,0.6716341972351074
697,0.9925881624221802,3.3697604706617312e-09,0.32105445861816406,0.6715027093887329
698,0.9925154447555542,3.3697604706617312e-09,0.3211129307746887,0.671371579170227
699,0.9924429059028625,3.3697604706617312e-09,0.3211713433265686,0.6712406277656555
700,0.9923707246780396,3.3697604706617312e-09,0.3212296962738037,0.6711101531982422
701,0.9922987222671509,3.3697604706617312e-09,0.32128795981407166,0.670979917049408
702,0.9922270774841309,3.3697604706617312e-09,0.3213461935520172,0.6708500981330872
703,0.9921555519104004,3.3697604706617312e-09,0.3214043378829956,0.6707205772399902
704,0.9920845031738281,3.3697604706617312e-09,0.3214624226093292,0.6705913543701172
705,0.9920135736465454,3.3697604706617312e-09,0.3215204179286957,0.6704623699188232
706,0.9919429421424866,3.3590119574711252e-09,0.32157838344573975,0.6703339219093323
707,0.9918724894523621,3.3485940686972526e-09,0.32163625955581665,0.6702055931091309
708,0.991802453994751,3.3385070263847183e-09,0.3216940462589264,0.6700776815414429
709,0.9917324185371399,3.3287506084889174e-09,0.32175177335739136,0.669950008392334
710,0.9916628003120422,3.3193250370544547e-09,0.32180944085121155,0.6698228120803833
711,0.9915933609008789,3.3102300900367254e-09,0.32186704874038696,0.6696957945823669
712,0.9915242195129395,3.3014657674357295e-09,0.3219245970249176,0.6695691347122192
713,0.9914554357528687,3.293032291296072e-09,0.3219820559024811,0.6694427728652954
714,0.9913867115974426,3.2849294395731476e-09,0.32203948497772217,0.6693167686462402
715,0.9913183450698853,3.2771574343115617e-09,0.3220967948436737,0.6691910624504089
716,0.9912500381469727,3.269716053466709e-09,0.3221540153026581,0.6690655946731567
717,0.9911820888519287,3.262605519083195e-09,0.32221129536628723,0.6689404845237732
718,0.9911145567893982,3.255825609116414e-09,0.32226842641830444,0.6688157320022583
719,0.9910470843315125,3.2493765456109713e-09,0.3223254680633545,0.6686911582946777
720,0.990979790687561,3.243258106522262e-09,0.32238247990608215,0.6685669422149658
721,0.990912914276123,3.237470513894891e-09,0.32243943214416504,0.6684430837631226
722,0.9908460378646851,3.2320135456842536e-09,0.32249629497528076,0.6683195233345032
723,0.9907795786857605,3.2268872018903494e-09,0.3225530982017517,0.6681962013244629
724,0.9907132387161255,3.2220917045577835e-09,0.3226098418235779,0.6680731773376465
725,0.9906471967697144,3.217626831641951e-09,0.3226665258407593,0.6679505109786987
726,0.9905813932418823,3.2134928051874567e-09,0.3227231204509735,0.6678281426429749
727,0.9905158877372742,3.209689403149696e-09,0.32277968525886536,0.6677060127258301
728,0.9904505014419556,3.2062168475732733e-09,0.32283613085746765,0.6675841808319092
729,0.9903854131698608,3.2062168475732733e-09,0.32289257645606995,0.6674627065658569
730,0.9903204441070557,3.2062168475732733e-09,0.3229489028453827,0.667341411113739
731,0.9902558326721191,3.2062168475732733e-09,0.32300519943237305,0.6672205924987793
732,0.9901913404464722,3.2062168475732733e-09,0.32306140661239624,0.6670998930931091
733,0.9901270866394043,3.2062168475732733e-09,0.32311761379241943,0.6669795513153076
734,0.9900631308555603,3.2062168475732733e-09,0.3231737017631531,0.6668594479560852
735,0.9899994134902954,3.2062168475732733e-09,0.32322970032691956,0.6667396426200867
736,0.9899358749389648,3.2062168475732733e-09,0.32328569889068604,0.6666202545166016
737,0.9898725748062134,3.2062168475732733e-09,0.32334160804748535,0.666500985622406
738,0.9898093342781067,3.2062168475732733e-09,0.3233974277973175,0.6663820743560791
739,0.9897464513778687,3.2062168475732733e-09,0.32345321774482727,0.6662634015083313
740,0.9896838665008545,3.2062168475732733e-09,0.3235088586807251,0.6661450862884521
741,0.9896213412284851,3.2062168475732733e-09,0.3235645592212677,0.6660269498825073
742,0.9895591735839844,3.2062168475732733e-09,0.32362014055252075,0.6659091711044312
743,0.9894971251487732,3.2062168475732733e-09,0.32367566227912903,0.6657916903495789
744,0.9894353747367859,3.2062168475732733e-09,0.32373112440109253,0.6656743884086609
745,0.9893736243247986,3.2062168475732733e-09,0.32378652691841125,0.6655573844909668
746,0.9893122911453247,3.2062168475732733e-09,0.3238418698310852,0.6654406785964966
747,0.9892511367797852,3.2062168475732733e-09,0.3238971531391144,0.6653242707252502
748,0.9891901016235352,3.2062168475732733e-09,0.3239523470401764,0.6652080416679382
749,0.9891293048858643,3.2062168475732733e-09,0.324007511138916,0.6650921702384949
750,0.989068865776062,3.2062168475732733e-09,0.3240625858306885,0.6649765372276306
751,0.9890084266662598,3.2062168475732733e-09,0.32411763072013855,0.664861261844635
752,0.9889483451843262,3.2062168475732733e-09,0.32417258620262146,0.664746105670929
753,0.9888883829116821,3.2062168475732733e-09,0.32422754168510437,0.6646313071250916
754,0.9888286590576172,3.2062168475732733e-09,0.32428234815597534,0.6645167469978333
755,0.9887691140174866,3.2062168475732733e-09,0.3243371248245239,0.664402425289154
756,0.9887097477912903,3.2062168475732733e-09,0.32439184188842773,0.664288341999054
757,0.9886506199836731,3.2062168475732733e-09,0.32444652915000916,0.6641746163368225
758,0.9885916709899902,3.2062168475732733e-09,0.3245011270046234,0.6640610694885254
759,0.988533079624176,3.2062168475732733e-09,0.3245556652545929,0.6639478802680969
760,0.9884744882583618,3.2062168475732733e-09,0.32461017370224,0.6638349294662476
761,0.9884161949157715,3.2062168475732733e-09,0.3246645927429199,0.6637222170829773
762,0.9883580803871155,3.2062168475732733e-09,0.3247189521789551,0.6636096835136414
763,0.9883000254631042,3.2062168475732733e-09,0.32477322220802307,0.6634974479675293
764,0.9882423877716064,3.2062168475732733e-09,0.32482752203941345,0.6633855104446411
765,0.9881848096847534,3.2062168475732733e-09,0.3248816728591919,0.6632738709449768
766,0.9881274700164795,3.2062168475732733e-09,0.32493579387664795,0.6631624102592468
767,0.9880703091621399,3.2062168475732733e-09,0.32498982548713684,0.6630511283874512
768,0.9880133867263794,3.2062168475732733e-09,0.32504382729530334,0.6629402041435242
769,0.9879565238952637,3.2062168475732733e-09,0.32509779930114746,0.6628294587135315
770,0.9878999590873718,3.2062168475732733e-09,0.3251517117023468,0.6627190113067627
771,0.9878435134887695,3.2062168475732733e-09,0.3252055048942566,0.6626088619232178
772,0.9877873063087463,3.2062168475732733e-09,0.325259268283844,0.6624988913536072
773,0.9877313375473022,3.2062168475732733e-09,0.325313001871109,0.6623891592025757
774,0.9876755475997925,3.2062168475732733e-09,0.3253666162490845,0.6622797250747681
775,0.9876198768615723,3.2062168475732733e-09,0.3254202604293823,0.6621705293655396
776,0.9875645041465759,3.2062168475732733e-09,0.3254737854003906,0.6620615124702454
777,0.9875091910362244,3.2062168475732733e-09,0.32552722096443176,0.6619527339935303
778,0.9874540567398071,3.2062168475732733e-09,0.3255806863307953,0.6618442535400391
779,0.9873991012573242,3.2062168475732733e-09,0.32563406229019165,0.661736011505127
780,0.9873444437980652,3.2062168475732733e-09,0.32568734884262085,0.661628007888794
781,0.9872899055480957,3.2062168475732733e-09,0.3257405757904053,0.66152024269104
782,0.9872355461120605,3.2062168475732733e-09,0.3257937431335449,0.6614127159118652
783,0.9871813058853149,3.2062168475732733e-09,0.32584691047668457,0.6613054275512695
784,0.9871273636817932,3.2062168475732733e-09,0.32589995861053467,0.6611983776092529
785,0.987073540687561,3.2062168475732733e-09,0.32595300674438477,0.6610915660858154
786,0.9870198965072632,3.2062168475732733e-09,0.3260059356689453,0.6609849333763123
787,0.9869663715362549,3.2062168475732733e-09,0.32605886459350586,0.6608786582946777
788,0.9869131445884705,3.2062168475732733e-09,0.32611170411109924,0.6607725024223328
789,0.986859917640686,3.2062168475732733e-09,0.32616448402404785,0.6606665253639221
790,0.9868069887161255,3.2062168475732733e-09,0.3262172043323517,0.6605609059333801
791,0.9867541790008545,3.2062168475732733e-09,0.32626986503601074,0.6604554653167725
792,0.9867017269134521,3.2062168475732733e-09,0.3263224959373474,0.6603502631187439
793,0.9866491556167603,3.2062168475732733e-09,0.3263750672340393,0.6602452993392944
794,0.986596941947937,3.2062168475732733e-09,0.3264275789260864,0.6601405143737793
795,0.9865448474884033,3.2062168475732733e-09,0.32648006081581116,0.6600359678268433
796,0.9864928722381592,3.2062168475732733e-09,0.32653242349624634,0.6599317193031311
797,0.9864412546157837,3.2062168475732733e-09,0.3265847861766815,0.6598276495933533
798,0.986389696598053,3.2062168475732733e-09,0.32663702964782715,0.6597237586975098
799,0.9863382577896118,3.2062168475732733e-09,0.3266892433166504,0.6596201658248901
800,0.986286997795105,3.2062168475732733e-09,0.32674145698547363,0.6595168113708496
801,0.9862359166145325,3.2062168475732733e-09,0.3267935812473297,0.6594135761260986
802,0.9861850738525391,3.2062168475732733e-09,0.326845645904541,0.6593106985092163
803,0.9861342906951904,3.2062168475732733e-09,0.32689765095710754,0.6592079401016235
804,0.9860837459564209,3.2062168475732733e-09,0.3269495964050293,0.6591054201126099
805,0.9860333204269409,3.2062168475732733e-09,0.32700151205062866,0.6590030789375305
806,0.9859830141067505,3.2062168475732733e-09,0.32705339789390564,0.658901035785675
807,0.9859329462051392,3.2062168475732733e-09,0.32710516452789307,0.6587992310523987
808,0.9858830571174622,3.2062168475732733e-09,0.3271569013595581,0.6586975455284119
809,0.9858332872390747,3.2062168475732733e-09,0.32720857858657837,0.6585960984230042
810,0.9857836961746216,3.2062168475732733e-09,0.32726022601127625,0.6584948897361755
811,0.985734224319458,3.2062168475732733e-09,0.32731181383132935,0.658393919467926
812,0.9856849908828735,3.2062168475732733e-09,0.32736334204673767,0.6582930684089661
813,0.9856358170509338,3.2062168475732733e-09,0.3274148404598236,0.6581924557685852
814,0.9855868816375732,3.2062168475732733e-09,0.32746621966362,0.6580920815467834
815,0.9855380058288574,3.2062168475732733e-09,0.327517569065094,0.6579920053482056
816,0.9854893684387207,3.2062168475732733e-09,0.327568918466568,0.6578920483589172
817,0.9854409098625183,3.2062168475732733e-09,0.32762014865875244,0.6577922701835632
818,0.9853925704956055,3.2062168475732733e-09,0.3276713490486145,0.6576927304267883
819,0.9853443503379822,3.2062168475732733e-09,0.3277225196361542,0.6575934886932373
820,0.985296368598938,3.2062168475732733e-09,0.3277736008167267,0.657494306564331
821,0.9852484464645386,3.2062168475732733e-09,0.32782459259033203,0.6573954224586487
822,0.9852007627487183,3.2062168475732733e-09,0.32787564396858215,0.6572967767715454
823,0.9851531982421875,3.2062168475732733e-09,0.32792654633522034,0.6571981906890869
824,0.9851058125495911,3.2062168475732733e-09,0.3279774487018585,0.6570999622344971
825,0.9850584268569946,3.2062168475732733e-09,0.32802829146385193,0.6570019125938416
826,0.9850114583969116,3.2062168475732733e-09,0.32807907462120056,0.6569039225578308
827,0.9849644899368286,3.2062168475732733e-09,0.3281298279762268,0.656806230545044
828,0.9849176406860352,3.2062168475732733e-09,0.3281804919242859,0.656708836555481
829,0.9848710298538208,3.2062168475732733e-09,0.32823115587234497,0.6566115021705627
830,0.9848243594169617,3.2062168475732733e-09,0.3282817304134369,0.6565144062042236
831,0.984778106212616,3.2062168475732733e-09,0.3283322751522064,0.6564175486564636
832,0.9847317934036255,3.2062168475732733e-09,0.3283827304840088,0.6563208699226379
833,0.9846857786178589,3.2062168475732733e-09,0.32843318581581116,0.6562244296073914
834,0.9846398830413818,3.2062168475732733e-09,0.32848355174064636,0.6561281085014343
835,0.9845940470695496,3.2062168475732733e-09,0.3285338580608368,0.6560319662094116
836,0.9845483303070068,3.2062168475732733e-09,0.32858413457870483,0.6559361219406128
837,0.984502911567688,3.2062168475732733e-09,0.3286343514919281,0.6558403968811035
838,0.9844576120376587,3.2062168475732733e-09,0.3286845088005066,0.6557448506355286
839,0.984412431716919,3.2062168475732733e-09,0.3287346363067627,0.6556495428085327
840,0.984367311000824,3.2062168475732733e-09,0.328784704208374,0.655554473400116
841,0.9843223690986633,3.2062168475732733e-09,0.3288347125053406,0.6554595232009888
842,0.984277606010437,3.2062168475732733e-09,0.32888466119766235,0.6553648114204407
843,0.9842329621315002,3.2062168475732733e-09,0.32893458008766174,0.6552702784538269
844,0.984188437461853,3.2062168475732733e-09,0.32898446917533875,0.6551758646965027
845,0.9841440916061401,3.2062168475732733e-09,0.32903429865837097,0.6550816893577576
846,0.9840998649597168,3.2062168475732733e-09,0.32908403873443604,0.6549877524375916
847,0.984055757522583,3.2062168475732733e-09,0.3291337490081787,0.6548939347267151
848,0.9840118885040283,3.2062168475732733e-09,0.329183429479599,0.654800295829773
849,0.9839680194854736,3.2062168475732733e-09,0.3292330205440521,0.6547068357467651
850,0.9839242696762085,3.2062168475732733e-09,0.32928258180618286,0.6546136736869812
851,0.9838807582855225,3.2062168475732733e-09,0.3293321430683136,0.6545206904411316
852,0.983837366104126,3.2062168475732733e-09,0.3293815851211548,0.6544277667999268
853,0.9837942123413086,3.2062168475732733e-09,0.32943105697631836,0.6543351411819458
854,0.9837510585784912,3.2062168475732733e-09,0.3294804096221924,0.6542426347732544
855,0.9837080240249634,3.2062168475732733e-09,0.32952970266342163,0.6541503071784973
856,0.9836652874946594,3.2062168475732733e-09,0.3295789957046509,0.6540582180023193
857,0.9836223721504211,3.2062168475732733e-09,0.32962822914123535,0.6539661884307861
858,0.9835798740386963,3.2062168475732733e-09,0.32967740297317505,0.6538745164871216
859,0.9835373759269714,3.2062168475732733e-09,0.32972654700279236,0.6537829041481018
860,0.9834951162338257,3.2062168475732733e-09,0.3297756016254425,0.6536915302276611
861,0.9834529161453247,3.2062168475732733e-09,0.32982468605041504,0.65360027551651
862,0.9834108352661133,3.2062168475732733e-09,0.32987362146377563,0.653509259223938
863,0.9833688735961914,3.2062168475732733e-09,0.32992255687713623,0.6534183621406555
864,0.9833270311355591,3.2062168475732733e-09,0.32997146248817444,0.6533277630805969
865,0.9832854270935059,3.2062168475732733e-09,0.33002033829689026,0.6532372236251831
866,0.9832438230514526,3.2062168475732733e-09,0.33006909489631653,0.6531469225883484
867,0.9832024574279785,3.2062168475732733e-09,0.3301178514957428,0.6530567407608032
868,0.9831611514091492,3.2062168475732733e-09,0.3301665484905243,0.6529667377471924
869,0.9831200242042542,3.2062168475732733e-09,0.3302152156829834,0.6528770327568054
870,0.9830789566040039,3.2062168475732733e-09,0.33026382327079773,0.6527873277664185
871,0.983038067817688,3.2062168475732733e-09,0.3303124010562897,0.6526978611946106
872,0.9829972982406616,3.2062168475732733e-09,0.33036088943481445,0.6526086330413818
873,0.98295658826828,3.2062168475732733e-09,0.33040937781333923,0.6525194644927979
874,0.9829161167144775,3.2062168475732733e-09,0.33045780658721924,0.652430534362793
875,0.9828757643699646,3.2062168475732733e-09,0.3305061161518097,0.6523417830467224
876,0.9828354716300964,3.2062168475732733e-09,0.3305544853210449,0.6522532105445862
877,0.9827952980995178,3.2062168475732733e-09,0.330602765083313,0.6521647572517395
878,0.982755184173584,3.2062168475732733e-09,0.3306509852409363,0.6520765423774719
879,0.9827153086662292,3.2062168475732733e-09,0.33069920539855957,0.6519883871078491
880,0.9826754927635193,3.2062168475732733e-09,0.3307473063468933,0.6519004702568054
881,0.9826358556747437,3.2062168475732733e-09,0.33079543709754944,0.651812732219696
882,0.9825962781906128,3.2062168475732733e-09,0.3308434784412384,0.6517251133918762
883,0.9825568199157715,3.2062168475732733e-09,0.3308914601802826,0.6516377329826355
884,0.9825176000595093,3.2062168475732733e-09,0.3309394419193268,0.6515504717826843
885,0.9824784398078918,3.2062168475732733e-09,0.3309873640537262,0.6514634490013123
886,0.982439398765564,3.2062168475732733e-09,0.33103519678115845,0.6513765454292297
887,0.9824003577232361,3.2062168475732733e-09,0.3310830295085907,0.651289701461792
888,0.9823615550994873,3.2062168475732733e-09,0.3311308026313782,0.6512031555175781
889,0.9823228716850281,3.2062168475732733e-09,0.3311785161495209,0.6511167287826538
890,0.9822842478752136,3.2062168475732733e-09,0.3312261998653412,0.651030421257019
891,0.9822458028793335,3.2062168475732733e-09,0.3312738537788391,0.6509442925453186
892,0.9822074174880981,3.2062168475732733e-09,0.3313214182853699,0.6508584022521973
893,0.9821692705154419,3.2062168475732733e-09,0.33136898279190063,0.6507725715637207
894,0.9821311235427856,3.2062168475732733e-09,0.331416517496109,0.6506869792938232
895,0.982093095779419,3.2062168475732733e-09,0.3314639627933502,0.6506015658378601
896,0.9820551872253418,3.2062168475732733e-09,0.33151137828826904,0.6505163311958313
897,0.982017457485199,3.2062168475732733e-09,0.3315587043762207,0.6504311561584473
898,0.9819797277450562,3.2062168475732733e-09,0.33160609006881714,0.6503462195396423
899,0.9819421768188477,3.2062168475732733e-09,0.331653356552124,0.650261402130127
900,0.9819048047065735,3.2062168475732733e-09,0.3317005932331085,0.6501767039299011
901,0.9818674921989441,3.2062168475732733e-09,0.33174777030944824,0.6500921845436096
902,0.9818302392959595,3.2062168475732733e-09,0.33179494738578796,0.6500078439712524
903,0.981793224811554,3.2062168475732733e-09,0.33184200525283813,0.6499236226081848
904,0.9817562103271484,3.2062168475732733e-09,0.3318891227245331,0.6498395800590515
905,0.9817193746566772,3.2062168475732733e-09,0.3319360911846161,0.6497557759284973
906,0.981682538986206,3.2062168475732733e-09,0.3319830894470215,0.6496720314025879
907,0.981645941734314,3.2062168475732733e-09,0.3320299983024597,0.649588406085968
908,0.9816094636917114,3.2062168475732733e-09,0.33207687735557556,0.6495050191879272
909,0.9815729856491089,3.2062168475732733e-09,0.3321237564086914,0.6494218111038208
910,0.9815366268157959,3.2062168475732733e-09,0.3321705758571625,0.6493386626243591
911,0.981500506401062,3.2062168475732733e-09,0.33221733570098877,0.6492557525634766
912,0.9814643859863281,3.2062168475732733e-09,0.3322640061378479,0.6491729617118835
913,0.9814284443855286,3.2062168475732733e-09,0.33231067657470703,0.6490902900695801
914,0.981392502784729,3.2062168475732733e-09,0.3323572874069214,0.6490077376365662
915,0.9813567399978638,3.2062168475732733e-09,0.33240389823913574,0.6489253640174866
916,0.9813210964202881,3.2062168475732733e-09,0.3324504494667053,0.6488432288169861
917,0.981285572052002,3.2062168475732733e-09,0.3324969708919525,0.6487611532211304
918,0.9812501072883606,3.2062168475732733e-09,0.33254343271255493,0.6486793160438538
919,0.9812147617340088,3.2062168475732733e-09,0.3325898051261902,0.6485975980758667
920,0.9811794757843018,3.2062168475732733e-09,0.3326362073421478,0.6485158801078796
921,0.9811444282531738,3.2062168475732733e-09,0.3326825201511383,0.6484344601631165
922,0.9811092615127563,3.2062168475732733e-09,0.3327288329601288,0.6483531594276428
923,0.9810743927955627,3.2062168475732733e-09,0.3327750563621521,0.6482720375061035
924,0.9810396432876587,3.2062168475732733e-09,0.332821249961853,0.6481910347938538
925,0.9810049533843994,3.2062168475732733e-09,0.3328673839569092,0.6481101512908936
926,0.9809703826904297,3.2062168475732733e-09,0.33291351795196533,0.6480295062065125
927,0.9809357523918152,3.2062168475732733e-09,0.3329596519470215,0.6479488015174866
928,0.9809013605117798,3.2062168475732733e-09,0.3330056369304657,0.6478684544563293
929,0.9808671474456787,3.2062168475732733e-09,0.3330516517162323,0.6477881669998169
930,0.9808329939842224,3.2062168475732733e-09,0.3330976068973541,0.647707998752594
931,0.9807988405227661,3.2062168475732733e-09,0.33314353227615356,0.6476280689239502
932,0.9807648658752441,3.2062168475732733e-09,0.3331893980503082,0.6475481986999512
933,0.9807309508323669,3.2062168475732733e-09,0.3332352340221405,0.6474684476852417
934,0.9806971549987793,3.2062168475732733e-09,0.333281010389328,0.6473889350891113
935,0.980663537979126,3.2062168475732733e-09,0.3333267569541931,0.6473094820976257
936,0.9806299209594727,3.2062168475732733e-09,0.3333725035190582,0.6472301483154297
937,0.9805964231491089,3.2062168475732733e-09,0.3334181010723114,0.6471510529518127
938,0.9805630445480347,3.2062168475732733e-09,0.33346375823020935,0.6470720171928406
939,0.98052978515625,3.2062168475732733e-09,0.33350932598114014,0.6469931602478027
940,0.9804965853691101,3.2062168475732733e-09,0.33355486392974854,0.6469144225120544
941,0.9804633855819702,3.2062168475732733e-09,0.33360040187835693,0.6468358039855957
942,0.9804304838180542,3.2062168475732733e-09,0.33364585041999817,0.6467574238777161
943,0.9803975820541382,3.2062168475732733e-09,0.33369123935699463,0.6466791033744812
944,0.9803647398948669,3.2062168475732733e-09,0.3337366580963135,0.6466009616851807
945,0.9803321361541748,3.2062168475732733e-09,0.3337819576263428,0.6465228796005249
946,0.9802994132041931,3.2062168475732733e-09,0.33382731676101685,0.6464450359344482
947,0.9802669286727905,3.2062168475732733e-09,0.33387255668640137,0.6463672518730164
948,0.9802346229553223,3.2062168475732733e-09,0.3339177668094635,0.6462896466255188
949,0.980202317237854,3.2062168475732733e-09,0.33396294713020325,0.6462121605873108
950,0.9801700115203857,3.2062168475732733e-09,0.3340080678462982,0.6461348533630371
951,0.9801379442214966,3.2062168475732733e-09,0.3340532183647156,0.6460576057434082
952,0.9801058769226074,3.2062168475732733e-09,0.33409827947616577,0.6459805369377136
953,0.9800739884376526,3.2062168475732733e-09,0.3341432511806488,0.6459035277366638
954,0.9800422191619873,3.2062168475732733e-09,0.3341882824897766,0.6458267569541931
955,0.9800103902816772,3.2062168475732733e-09,0.33423319458961487,0.6457500457763672
956,0.9799786806106567,3.2062168475732733e-09,0.3342781066894531,0.6456735134124756
957,0.9799472093582153,3.2062168475732733e-09,0.334322988986969,0.6455971002578735
958,0.9799157381057739,3.2062168475732733e-09,0.3343678116798401,0.6455208659172058
959,0.9798843860626221,3.2062168475732733e-09,0.3344126045703888,0.6454446911811829
960,0.979853093624115,3.2062168475732733e-09,0.3344573378562927,0.6453686356544495
961,0.9798219203948975,3.2062168475732733e-09,0.33450204133987427,0.6452927589416504
962,0.9797909259796143,3.2062168475732733e-09,0.3345467150211334,0.6452170014381409
963,0.9797598123550415,3.2062168475732733e-09,0.3345913589000702,0.6451414227485657
964,0.9797289371490479,3.2062168475732733e-09,0.3346359431743622,0.6450659036636353
965,0.9796980619430542,3.2062168475732733e-09,0.3346804976463318,0.6449905037879944
966,0.9796674251556396,3.2062168475732733e-09,0.3347249925136566,0.6449153423309326
967,0.9796366691589355,3.2062168475732733e-09,0.33476948738098145,0.6448402404785156
968,0.9796061515808105,3.2062168475732733e-09,0.3348139226436615,0.6447652578353882
969,0.9795757532119751,3.2062168475732733e-09,0.33485838770866394,0.6446903347969055
970,0.9795454740524292,3.2062168475732733e-09,0.33490267395973206,0.644615650177002
971,0.9795150756835938,3.2062168475732733e-09,0.33494701981544495,0.6445409655570984
972,0.9794849753379822,3.2062168475732733e-09,0.33499130606651306,0.6444665789604187
973,0.9794548749923706,3.2062168475732733e-09,0.3350355625152588,0.644392192363739
974,0.979424774646759,3.2062168475732733e-09,0.33507975935935974,0.6443180441856384
975,0.9793948531150818,3.2062168475732733e-09,0.3351239264011383,0.6442439556121826
976,0.9793650507926941,3.2062168475732733e-09,0.3351680636405945,0.6441699862480164
977,0.9793353080749512,3.2062168475732733e-09,0.33521220088005066,0.6440961360931396
978,0.979305624961853,3.2062168475732733e-09,0.3352562487125397,0.6440224647521973
979,0.9792760610580444,3.2062168475732733e-09,0.3353002667427063,0.6439488530158997
980,0.9792466163635254,3.2062168475732733e-09,0.33534422516822815,0.6438754200935364
981,0.9792172908782959,3.2062168475732733e-09,0.33538818359375,0.6438021659851074
982,0.9791879057884216,3.2062168475732733e-09,0.3354320824146271,0.6437287926673889
983,0.9791586399078369,3.2062168475732733e-09,0.33547601103782654,0.6436557173728943
984,0.9791295528411865,3.2062168475732733e-09,0.33551982045173645,0.6435827612876892
985,0.9791004061698914,3.2062168475732733e-09,0.335563600063324,0.6435099244117737
986,0.9790714979171753,3.2062168475732733e-09,0.3356074094772339,0.6434372067451477
987,0.979042649269104,3.2062168475732733e-09,0.33565109968185425,0.6433645486831665
988,0.9790138006210327,3.2062168475732733e-09,0.3356947898864746,0.6432920694351196
989,0.978985071182251,3.2062168475732733e-09,0.3357384502887726,0.6432197690010071
990,0.9789564609527588,3.2062168475732733e-09,0.33578208088874817,0.6431475281715393
991,0.9789279103279114,3.2062168475732733e-09,0.33582568168640137,0.6430753469467163
992,0.9788994789123535,3.2062168475732733e-09,0.3358691930770874,0.6430033445358276
993,0.9788709878921509,3.2062168475732733e-09,0.33591270446777344,0.6429314613342285
994,0.9788427948951721,3.2062168475732733e-09,0.3359561562538147,0.642859697341919
995,0.9788145422935486,3.2062168475732733e-09,0.33599957823753357,0.6427881121635437
996,0.9787863492965698,3.2062168475732733e-09,0.33604300022125244,0.6427165865898132
997,0.9787584543228149,3.2062168475732733e-09,0.3360863924026489,0.6426451206207275
998,0.9787304997444153,3.2062168475732733e-09,0.33612972497940063,0.6425738334655762
999,0.9787025451660156,3.2062168475732733e-09,0.3361729681491852,0.6425026655197144
1000,0.9786747694015503,3.2062168475732733e-09,0.3362162709236145,0.6424316763877869
