loss,loss1,loss2,loss3
41.782440185546875,8.070192337036133,0.0006003657472319901,33.2501106262207
38.432132720947266,7.3517255783081055,0.0002977418771479279,30.656213760375977
35.36132049560547,6.697216987609863,0.000901588296983391,28.27391242980957
32.54669189453125,6.100976467132568,0.002300998894497752,26.085922241210938
29.966896057128906,5.557815074920654,0.004395658615976572,24.076406478881836
27.602327346801758,5.063004016876221,0.007094922009855509,22.23078727722168
25.435026168823242,4.612247467041016,0.010316967964172363,20.535686492919922
23.448535919189453,4.201617240905762,0.01398802176117897,18.978797912597656
21.62773895263672,3.8275372982025146,0.01804164983332157,17.5488338470459
19.958797454833984,3.486758232116699,0.022418104112148285,16.23539924621582
18.429031372070312,3.1763226985931396,0.027063723653554916,15.028972625732422
17.02680206298828,2.893521547317505,0.03193039819598198,13.920792579650879
15.741448402404785,2.6359000205993652,0.03697506710886955,12.902813911437988
14.56319808959961,2.4012129306793213,0.04215923696756363,11.96764850616455
13.483087539672852,2.187420606613159,0.047448594123125076,11.108513832092285
12.492903709411621,1.9926620721817017,0.05281263589859009,10.31917667388916
11.585125923156738,1.8152450323104858,0.058224257081747055,9.593916893005371
10.752853393554688,1.6536247730255127,0.06365948170423508,8.927478790283203
9.989768028259277,1.5063906908035278,0.06909716129302979,8.315040588378906
9.290068626403809,1.372265338897705,0.07451869547367096,7.752175807952881
8.648451805114746,1.2500810623168945,0.07990781217813492,7.234813690185547
8.060054779052734,1.1387763023376465,0.08525031805038452,6.759223461151123
7.520418167114258,1.0373797416687012,0.09053390473127365,6.3219804763793945
7.025456428527832,0.9450098276138306,0.09574796259403229,5.919938564300537
6.571428298950195,0.8608648180961609,0.10088341683149338,5.5502095222473145
6.154906749725342,0.784210741519928,0.1059325635433197,5.21014404296875
5.77274751663208,0.7143821120262146,0.11088897287845612,4.897310733795166
5.42207670211792,0.6507718563079834,0.11574727296829224,4.609476089477539
5.100256443023682,0.5928259491920471,0.12050309032201767,4.3445940017700195
4.804869174957275,0.540039598941803,0.12515302002429962,4.100780963897705
4.533703804016113,0.49195337295532227,0.12969432771205902,3.8763139247894287
4.284729957580566,0.4481479823589325,0.13412508368492126,3.6696078777313232
4.056092739105225,0.40824317932128906,0.1384439766407013,3.4792115688323975
3.8460912704467773,0.3718918561935425,0.14265015721321106,3.303790330886841
3.653165340423584,0.33877673745155334,0.14674337208271027,3.1421196460723877
3.4758894443511963,0.30861034989356995,0.15072375535964966,2.9930782318115234
3.3129537105560303,0.2811295688152313,0.15459184348583221,2.855634927749634
3.1631622314453125,0.256095826625824,0.1583484560251236,2.7288451194763184
3.025416851043701,0.23329196870326996,0.16199474036693573,2.611840009689331
2.898714065551758,0.21251808106899261,0.16553209722042084,2.503824234008789
2.782130002975464,0.19359369575977325,0.16896212100982666,2.404067277908325
2.6748249530792236,0.17635440826416016,0.17228655517101288,2.3118977546691895
2.5760245323181152,0.160649836063385,0.17550736665725708,2.226701259613037
2.48502254486084,0.1463453620672226,0.1786266416311264,2.1479132175445557
2.401170015335083,0.13331317901611328,0.18164651095867157,2.0750162601470947
2.3238725662231445,0.12144122272729874,0.18456920981407166,2.007533311843872
2.2525861263275146,0.11062638461589813,0.1873970925807953,1.945029377937317
2.1868152618408203,0.10077466815710068,0.19013246893882751,1.8871034383773804
2.126101493835449,0.09180059283971786,0.19277779757976532,1.833387851715088
2.0700275897979736,0.08362572640180588,0.1953354775905609,1.7835456132888794
2.0182101726531982,0.07617831230163574,0.1978079378604889,1.7372671365737915
1.9702982902526855,0.06939385086297989,0.20019762217998505,1.6942678689956665
1.9259717464447021,0.06321372836828232,0.20250694453716278,1.6542872190475464
1.8849351406097412,0.0575840137898922,0.2047383338212967,1.6170850992202759
1.8469185829162598,0.052455637603998184,0.2068941593170166,1.5824426412582397
1.8116759061813354,0.04778388515114784,0.20897682011127472,1.550156593322754
1.7789790630340576,0.04352791607379913,0.2109885960817337,1.520042896270752
1.7486220598220825,0.03965136036276817,0.212931826710701,1.4919302463531494
1.7204149961471558,0.03612037003040314,0.21480871737003326,1.4656633138656616
1.6941829919815063,0.03290366381406784,0.2166214883327484,1.4410979747772217
1.6697661876678467,0.029973460361361504,0.21837233006954193,1.4181019067764282
1.6470184326171875,0.027304165065288544,0.22006329894065857,1.3965542316436768
1.6258050203323364,0.02487260103225708,0.22169652581214905,1.3763442039489746
1.606003999710083,0.022657476365566254,0.22327397763729095,1.3573687076568604
1.587502121925354,0.02063940092921257,0.22479762136936188,1.339534044265747
1.5701957941055298,0.018800944089889526,0.22626937925815582,1.32275390625
1.5539906024932861,0.01712610572576523,0.22769111394882202,1.3069486618041992
1.5388001203536987,0.015600532293319702,0.22906458377838135,1.2920453548431396
1.5245442390441895,0.014210724271833897,0.23039156198501587,1.2779767513275146
1.5111500024795532,0.012944674119353294,0.2316737323999405,1.2646815776824951
1.498550534248352,0.011791608296334743,0.23291277885437012,1.2521024942398071
1.4866849184036255,0.0107413986697793,0.23411023616790771,1.2401872873306274
1.4754961729049683,0.009784637950360775,0.23526771366596222,1.2288880348205566
1.4649322032928467,0.008913100697100163,0.23638665676116943,1.2181602716445923
1.4549460411071777,0.008119137026369572,0.23746848106384277,1.207963466644287
1.4454939365386963,0.007395727559924126,0.23851463198661804,1.1982594728469849
1.4365355968475342,0.006736701354384422,0.23952645063400269,1.1890146732330322
1.428034782409668,0.006136496551334858,0.24050521850585938,1.1801964044570923
1.4199575185775757,0.005589722190052271,0.2414521872997284,1.1717755794525146
1.4122730493545532,0.005091708153486252,0.24236859381198883,1.1637250185012817
1.4049521684646606,0.004637876525521278,0.2432555854320526,1.156019926071167
1.3979697227478027,0.0042246668599545956,0.24411432445049286,1.148637056350708
1.391301155090332,0.0038482078816741705,0.24494580924510956,1.1415554285049438
1.3849241733551025,0.0035052073653787374,0.24575114250183105,1.13475501537323
1.3788185119628906,0.0031927560921758413,0.24653133749961853,1.1282180547714233
1.372965931892395,0.00290821329690516,0.24728737771511078,1.1219277381896973
1.3673486709594727,0.0026490020100027323,0.24802014231681824,1.1158685684204102
1.3619513511657715,0.0024128416553139687,0.24873057007789612,1.110026240348816
1.356758713722229,0.002197778085246682,0.24941952526569366,1.1043874025344849
1.3517578840255737,0.002001820132136345,0.25008779764175415,1.0989398956298828
1.3469363451004028,0.0018233732553198934,0.25073620676994324,1.0936723947525024
1.3422822952270508,0.0016607694560661912,0.2513655722141266,1.0885742902755737
1.3377859592437744,0.0015126654179766774,0.2519765794277191,1.083635926246643
1.3334367275238037,0.001377783832140267,0.25256994366645813,1.0788483619689941
1.3292263746261597,0.0012549347011372447,0.25314638018608093,1.0742031335830688
1.3251463174819946,0.0011429968290030956,0.25370651483535767,1.0696922540664673
1.3211886882781982,0.0010410762624815106,0.25425100326538086,1.0653088092803955
1.3173468112945557,0.0009481811430305243,0.2547804117202759,1.0610458850860596
1.3136138916015625,0.0008635582635179162,0.25529536604881287,1.0568972826004028
1.309983730316162,0.0007865414372645319,0.2557963728904724,1.0528573989868164
1.3064510822296143,0.0007163744303397834,0.25628405809402466,1.0489202737808228
1.3030105829238892,0.0006525186472572386,0.2567588686943054,1.0450814962387085
1.2996571063995361,0.0005943213473074138,0.2572212815284729,1.0413358211517334
1.296386957168579,0.0005413336330093443,0.2576718330383301,1.0376790761947632
1.2931948900222778,0.0004930102149955928,0.25811100006103516,1.034106969833374
1.290077805519104,0.00044903552043251693,0.2585391402244568,1.030616044998169
1.2870320081710815,0.00040897997678257525,0.2589567005634308,1.0272023677825928
1.284053921699524,0.0003725130227394402,0.2593640983104706,1.0238627195358276
1.2811405658721924,0.0003392892249394208,0.2597617208957672,1.0205937623977661
1.2782890796661377,0.00030903873266652226,0.2601499557495117,1.0173927545547485
1.275496482849121,0.0002815059560816735,0.26052913069725037,1.0142569541931152
1.2727606296539307,0.00025643169647082686,0.2608996331691742,1.0111833810806274
1.2700790166854858,0.00023356238671112806,0.2612617313861847,1.0081698894500732
1.267449140548706,0.00021274648315738887,0.2616158127784729,1.0052140951156616
1.264869213104248,0.00019376300042495131,0.2619621157646179,1.0023137331008911
1.2623374462127686,0.0001765038468874991,0.262300968170166,0.9994669556617737
1.259851336479187,0.00016077194595709443,0.2626326382160187,0.9966715574264526
1.2574100494384766,0.00014645546616520733,0.2629573941230774,0.9939258098602295
1.2550113201141357,0.00013338070129975677,0.26327550411224365,0.9912281036376953
1.25265371799469,0.00012148485984653234,0.26358720660209656,0.9885767102241516
1.2503361701965332,0.00011065017315559089,0.26389268040657043,0.9859699606895447
1.2480570077896118,0.0001007942482829094,0.26419225335121155,0.9834064841270447
1.2458150386810303,9.179950575344265e-05,0.2644861340522766,0.9808849692344666
1.2436091899871826,8.360925130546093e-05,0.26477447152137756,0.9784039855003357
1.2414380311965942,7.615221693413332e-05,0.2650575041770935,0.9759621620178223
1.2393004894256592,6.935503915883601e-05,0.26533541083335876,0.9735584259033203
1.2371959686279297,6.316433427855372e-05,0.2656083405017853,0.9711917042732239
1.2351231575012207,5.752953074988909e-05,0.2658765912055969,0.9688607454299927
1.2330808639526367,5.238724043010734e-05,0.2661402225494385,0.9665645956993103
1.2310688495635986,4.7700934374006465e-05,0.2663993835449219,0.9643021821975708
1.2290856838226318,4.343506952864118e-05,0.2666543424129486,0.9620727896690369
1.2271311283111572,3.9561960875289515e-05,0.26690518856048584,0.9598751068115234
1.2252039909362793,3.6029003240400925e-05,0.2671520411968231,0.9577086567878723
1.2233037948608398,3.280528471805155e-05,0.26739501953125,0.9555725455284119
1.2214295864105225,2.9872166123823263e-05,0.2676343321800232,0.9534657001495361
1.2195807695388794,2.7202551791560836e-05,0.26787006855010986,0.9513877034187317
1.217756986618042,2.4776236386969686e-05,0.26810237765312195,0.9493374228477478
1.2159574031829834,2.2559024728252552e-05,0.2683313488960266,0.9473146200180054
1.2141813039779663,2.0542980564641766e-05,0.268557071685791,0.945318341255188
1.212428331375122,1.8705581169342622e-05,0.2687797248363495,0.9433479309082031
1.2106977701187134,1.70363509823801e-05,0.2689993679523468,0.9414026141166687
1.2089892625808716,1.5516370694967918e-05,0.2692160904407501,0.9394822120666504
1.2073023319244385,1.4122220818535425e-05,0.2694300413131714,0.9375858306884766
1.2056363821029663,1.2856026842200663e-05,0.26964128017425537,0.935712993144989
1.2039909362792969,1.1706489203788806e-05,0.26984986662864685,0.9338631629943848
1.2023656368255615,1.0658902283466887e-05,0.2700559198856354,0.9320357441902161
1.2007598876953125,9.703609975986183e-06,0.2702594995498657,0.9302303791046143
1.1991734504699707,8.833518222672865e-06,0.27046072483062744,0.9284465312957764
1.1976059675216675,8.043589332373813e-06,0.2706596553325653,0.9266835451126099
1.196056842803955,7.322063993342454e-06,0.2708563804626465,0.9249411225318909
1.1945258378982544,6.663503882009536e-06,0.27105090022087097,0.9232189059257507
1.1930123567581177,6.068541097192792e-06,0.2712433338165283,0.9215162992477417
1.1915162801742554,5.526153927348787e-06,0.2714337408542633,0.9198329448699951
1.1900373697280884,5.031344699091278e-06,0.2716221809387207,0.9181685447692871
1.188575029373169,4.580593213177053e-06,0.2718087434768677,0.9165225028991699
1.1871289014816284,4.169871772319311e-06,0.27199339866638184,0.9148945808410645
1.1856988668441772,3.7964862258377252e-06,0.27217626571655273,0.9132844805717468
1.1842846870422363,3.4558388506411575e-06,0.2723574638366699,0.9116917848587036
1.182885766029358,3.145883283650619e-06,0.2725369334220886,0.9101160764694214
1.181502103805542,2.8627109713852406e-06,0.2727147936820984,0.908557116985321
1.1801332235336304,2.6040449938591337e-06,0.27289098501205444,0.9070143699645996
1.1787790060043335,2.3691338810749585e-06,0.2730657160282135,0.9054878354072571
1.1774389743804932,2.1558998923865147e-06,0.2732388973236084,0.9039771556854248
1.1761130094528198,1.9590702322602738e-06,0.2734106183052063,0.9024816751480103
1.174800992012024,1.7815131059251144e-06,0.27358099818229675,0.9010015726089478
1.1735024452209473,1.620428861315304e-06,0.2737499177455902,0.8995363116264343
1.1722173690795898,1.4726313111168565e-06,0.2739174962043762,0.8980857729911804
1.170945167541504,1.3392095752351452e-06,0.27408379316329956,0.8966494202613831
1.169685959815979,1.2175273695902433e-06,0.27424877882003784,0.8952272534370422
1.1684393882751465,1.1076299415435642e-06,0.2744125723838806,0.8938187956809998
1.1672052145004272,1.0064326261272072e-06,0.2745751440525055,0.8924241065979004
1.1659833192825317,9.148468507191865e-07,0.27473655343055725,0.8910428285598755
1.1647733449935913,8.311400847560435e-07,0.2748968303203583,0.8896745443344116
1.163575291633606,7.555743195553077e-07,0.2750559449195862,0.888319194316864
1.1623889207839966,6.856978416180937e-07,0.27521398663520813,0.8869765400886536
1.1612138748168945,6.238196306185273e-07,0.2753709852695465,0.885646402835846
1.1600500345230103,5.671810754392936e-07,0.27552691102027893,0.8843283653259277
1.1588973999023438,5.144794954503595e-07,0.27568188309669495,0.8830224871635437
1.1577556133270264,4.676315938922926e-07,0.27583587169647217,0.8817283511161804
1.1566245555877686,4.246101639182598e-07,0.2759888768196106,0.8804459571838379
1.1555039882659912,3.8569172033930954e-07,0.276140958070755,0.879175066947937
1.1543939113616943,3.510255908167892e-07,0.2762921154499054,0.8779153227806091
1.1532938480377197,3.194479347712331e-07,0.27644234895706177,0.8766668438911438
1.152204155921936,2.9001256507399376e-07,0.2765917479991913,0.8754291534423828
1.1511242389678955,2.6355618842899275e-07,0.27674028277397156,0.8742022514343262
1.1500540971755981,2.3965085915733653e-07,0.276887983083725,0.87298583984375
1.1489936113357544,2.175291342609853e-07,0.27703481912612915,0.8717799782752991
1.1479425430297852,1.975981405166749e-07,0.27718091011047363,0.8705843091011047
1.1469008922576904,1.7907223082147539e-07,0.27732619643211365,0.8693987131118774
1.1458683013916016,1.629445733897228e-07,0.27747073769569397,0.8682231903076172
1.144844889640808,1.4829360850399098e-07,0.2776144742965698,0.8670573830604553
1.1438305377960205,1.3492436323758739e-07,0.27775755524635315,0.8659013509750366
1.142824649810791,1.2238920987783786e-07,0.2778998911380768,0.8647544980049133
1.1418277025222778,1.106949341078689e-07,0.2780414819717407,0.8636173605918884
1.1408393383026123,1.0073331679905095e-07,0.27818241715431213,0.8624892830848694
1.1398593187332153,9.175743542755299e-08,0.27832266688346863,0.8613702654838562
1.138887643814087,8.34254691994829e-08,0.2784622311592102,0.8602604269981384
1.137924075126648,7.603276230838674e-08,0.27860116958618164,0.8591591715812683
1.1369688510894775,6.929671769739798e-08,0.27873945236206055,0.858066737651825
1.136021375656128,6.29977208177479e-08,0.2788770794868469,0.8569830060005188
1.1350818872451782,5.715463302635726e-08,0.27901414036750793,0.8559076189994812
1.1341500282287598,5.2378460679847194e-08,0.2791505753993988,0.8548406362533569
1.1332260370254517,4.819379384457534e-08,0.2792864143848419,0.8537818789482117
1.1323095560073853,4.425650956818572e-08,0.27942168712615967,0.8527312278747559
1.131400465965271,4.06506082128999e-08,0.27955639362335205,0.8516886830329895
1.1304986476898193,3.740768406146344e-08,0.27969053387641907,0.8506540060043335
1.1296043395996094,3.440039719748711e-08,0.2798241078853607,0.8496270179748535
1.1287171840667725,3.154987382458785e-08,0.2799571454524994,0.8486078977584839
1.12783682346344,2.8864219459023843e-08,0.2800896465778351,0.8475963473320007
1.12696373462677,2.6270837949482484e-08,0.2802216112613678,0.8465922474861145
1.126097559928894,2.3908631519020673e-08,0.2803530693054199,0.8455955982208252
1.1252379417419434,2.202829207931245e-08,0.28048402070999146,0.8446062803268433
1.1243853569030762,2.047570291097145e-08,0.2806144654750824,0.8436242341995239
1.1235393285751343,1.8989091188359453e-08,0.28074440360069275,0.8426491618156433
1.1226997375488281,1.7592439505165203e-08,0.2808738648891449,0.8416812419891357
1.1218669414520264,1.632295010267626e-08,0.28100284934043884,0.8407202959060669
1.1210403442382812,1.5125227292855925e-08,0.2811313569545746,0.8397660255432129
1.1202199459075928,1.399927285206104e-08,0.2812594771385193,0.8388187885284424
1.11940598487854,1.3004782140058069e-08,0.28138700127601624,0.8378780484199524
1.118598222732544,1.2116618819391078e-08,0.2815141975879669,0.8369441628456116
1.1177964210510254,1.1388196163863995e-08,0.281640887260437,0.8360167145729065
1.1170008182525635,1.0742124523233088e-08,0.28176718950271606,0.8350956439971924
1.1162110567092896,1.0135408956557512e-08,0.2818930149078369,0.834181010723114
1.1154274940490723,9.601122563651643e-09,0.28201842308044434,0.8332728147506714
1.1146495342254639,9.090812547185578e-09,0.28214341402053833,0.8323707580566406
1.1138771772384644,8.59108695294708e-09,0.2822679877281189,0.8314749598503113
1.1131107807159424,8.136339602060616e-09,0.28239214420318604,0.8305851817131042
1.1123499870300293,7.672332102970358e-09,0.2825159728527069,0.8297014832496643
1.1115946769714355,7.296627746455897e-09,0.2826392948627472,0.8288235664367676
1.1108448505401611,6.944074648629339e-09,0.2827622890472412,0.8279517292976379
1.1101006269454956,6.614672365401475e-09,0.2828848958015442,0.8270856738090515
1.1093617677688599,6.3084204526830945e-09,0.28300711512565613,0.8262254595756531
1.108628273010254,6.037887079202164e-09,0.283128947019577,0.8253707885742188
1.1078999042510986,5.7891820226529944e-09,0.2832503914833069,0.8245218396186829
1.1071767807006836,5.6628448596995895e-09,0.2833714783191681,0.8236784934997559
1.1064589023590088,5.622331045174178e-09,0.28349223732948303,0.8228407502174377
1.1057460308074951,5.586116458289325e-09,0.28361260890960693,0.8220082521438599
1.1050384044647217,5.554201543134241e-09,0.2837326228618622,0.8211812973022461
1.1043356657028198,5.5265858556197145e-09,0.28385230898857117,0.8203596472740173
1.103637933731079,5.4893791734400565e-09,0.2839716076850891,0.8195433616638184
1.1029449701309204,5.470362385295857e-09,0.2840905785560608,0.8187322020530701
1.1022570133209229,5.455645268881426e-09,0.2842092216014862,0.8179262280464172
1.1015735864639282,5.4452273801075535e-09,0.28432756662368774,0.8171254396438599
1.1008951663970947,5.439109163063449e-09,0.28444552421569824,0.8163297176361084
1.1002213954925537,5.391649793295983e-09,0.28456318378448486,0.8155389428138733
1.0995522737503052,5.347167597591351e-09,0.28468048572540283,0.8147531747817993
1.0988878011703491,5.311614259539965e-09,0.2847974896430969,0.8139722943305969
1.0982277393341064,5.2777151537952705e-09,0.28491419553756714,0.8131964802742004
1.0975723266601562,5.2454693921788476e-09,0.2850305736064911,0.8124253749847412
1.096921443939209,5.214877418779906e-09,0.2851466238498688,0.811659038066864
1.0962748527526855,5.1985065141479936e-09,0.28526240587234497,0.8108973503112793
1.0956326723098755,5.182466011888209e-09,0.2853778600692749,0.8101404309272766
1.0949949026107788,5.166756800178973e-09,0.28549298644065857,0.8093881607055664
1.0943613052368164,5.107060996323298e-09,0.28560781478881836,0.8086404800415039
1.093732237815857,5.092012589358319e-09,0.2857223451137543,0.8078973293304443
1.0931072235107422,5.077295472943888e-09,0.28583666682243347,0.8071587085723877
1.0924862623214722,5.062908758901585e-09,0.285950630903244,0.806424617767334
1.091869592666626,5.048853335409831e-09,0.28606435656547546,0.8056947588920593
1.091257095336914,5.035127870200995e-09,0.28617772459983826,0.8049694895744324
1.0906486511230469,5.021733695542707e-09,0.28629082441329956,0.8042483925819397
1.0900440216064453,5.008669923256548e-09,0.28640371561050415,0.8035315871238708
1.0894434452056885,4.995936997431727e-09,0.2865162789821625,0.8028193116188049
1.088847041130066,4.983534918068244e-09,0.2866285741329193,0.802111029624939
1.0882543325424194,4.97146324107689e-09,0.28674066066741943,0.8014069199562073
1.0876655578613281,4.959722854636084e-09,0.2868524193763733,0.8007070422172546
1.087080717086792,4.948312426478196e-09,0.28696390986442566,0.8000112175941467
1.0864996910095215,4.937233288870857e-09,0.28707513213157654,0.7993195056915283
1.085922360420227,4.937233288870857e-09,0.2871861159801483,0.7986318469047546
1.0853488445281982,4.937233288870857e-09,0.2872968018054962,0.7979481816291809
1.0847790241241455,4.937233288870857e-09,0.2874072790145874,0.7972685098648071
1.0842127799987793,4.937233288870857e-09,0.2875174582004547,0.796592652797699
1.0836503505706787,4.937233288870857e-09,0.2876274287700653,0.7959207892417908
1.0830914974212646,4.937233288870857e-09,0.2877371311187744,0.7952527403831482
1.082536220550537,4.937233288870857e-09,0.28784653544425964,0.794588565826416
1.0819844007492065,4.937233288870857e-09,0.28795576095581055,0.7939282059669495
1.0814363956451416,4.937233288870857e-09,0.28806471824645996,0.793271541595459
1.0808916091918945,4.937233288870857e-09,0.2881734371185303,0.7926186919212341
1.0803502798080444,4.937233288870857e-09,0.2882818877696991,0.7919694781303406
1.0798125267028809,4.937233288870857e-09,0.2883901596069336,0.7913239598274231
1.0792781114578247,4.937233288870857e-09,0.288498193025589,0.7906820178031921
1.078747034072876,4.937233288870857e-09,0.2886059284210205,0.7900437712669373
1.0782194137573242,4.937233288870857e-09,0.2887134552001953,0.7894091606140137
1.0776950120925903,4.937233288870857e-09,0.288820743560791,0.7887780666351318
1.0771739482879639,4.937233288870857e-09,0.2889277935028076,0.7881503701210022
1.0766562223434448,4.937233288870857e-09,0.2890346348285675,0.7875263094902039
1.076141595840454,4.937233288870857e-09,0.2891412377357483,0.7869057059288025
1.0756303071975708,4.937233288870857e-09,0.28924763202667236,0.7862883806228638
1.0751221179962158,4.937233288870857e-09,0.2893538177013397,0.7856745719909668
1.0746171474456787,4.937233288870857e-09,0.2894597351551056,0.7850641012191772
1.07411527633667,4.937233288870857e-09,0.2895655035972595,0.7844570279121399
1.073616623878479,4.937233288870857e-09,0.2896709740161896,0.7838532328605652
1.0731209516525269,4.937233288870857e-09,0.2897762656211853,0.7832527160644531
1.0726282596588135,4.937233288870857e-09,0.28988131880760193,0.7826555371284485
1.072138786315918,4.937233288870857e-09,0.28998619318008423,0.7820615768432617
1.0716521739959717,4.937233288870857e-09,0.2900908887386322,0.7814708352088928
1.0711686611175537,4.937233288870857e-09,0.2901952862739563,0.780883252620697
1.0706881284713745,4.937233288870857e-09,0.29029953479766846,0.7802989482879639
1.0702104568481445,4.937233288870857e-09,0.2904035747051239,0.779717743396759
1.0697357654571533,4.937233288870857e-09,0.29050737619400024,0.7791396379470825
1.0692638158798218,4.937233288870857e-09,0.2906109690666199,0.7785646319389343
1.0687949657440186,4.937233288870857e-09,0.2907143831253052,0.7779926657676697
1.068328857421875,4.937233288870857e-09,0.29081758856773376,0.7774237990379333
1.0678654909133911,4.937233288870857e-09,0.29092055559158325,0.7768579721450806
1.0674049854278564,4.937233288870857e-09,0.2910233438014984,0.7762951254844666
1.066947340965271,4.937233288870857e-09,0.29112598299980164,0.7757352590560913
1.0664923191070557,4.937233288870857e-09,0.29122838377952576,0.7751783728599548
1.066040277481079,4.937233288870857e-09,0.29133057594299316,0.7746243476867676
1.065590739250183,4.937233288870857e-09,0.29143255949020386,0.7740733623504639
1.0651439428329468,4.937233288870857e-09,0.2915343642234802,0.7735251784324646
1.0647000074386597,4.937233288870857e-09,0.29163599014282227,0.7729798555374146
1.0642584562301636,4.937233288870857e-09,0.2917374074459076,0.7724374532699585
1.0638196468353271,4.937233288870857e-09,0.291838675737381,0.7718977928161621
1.0633835792541504,4.937233288870857e-09,0.29193973541259766,0.7713609933853149
1.0629498958587646,4.937233288870857e-09,0.29204055666923523,0.7708269357681274
1.062518835067749,4.937233288870857e-09,0.29214125871658325,0.7702956199645996
1.062090516090393,4.937233288870857e-09,0.2922417223453522,0.769767165184021
1.0616645812988281,4.937233288870857e-09,0.29234200716018677,0.769241452217102
1.0612412691116333,4.937233288870857e-09,0.29244211316108704,0.7687183022499084
1.060820460319519,4.937233288870857e-09,0.292542040348053,0.7681978344917297
1.0604020357131958,4.937233288870857e-09,0.292641818523407,0.7676801085472107
1.0599862337112427,4.937233288870857e-09,0.2927413880825043,0.767164945602417
1.059572696685791,4.937233288870857e-09,0.29284071922302246,0.766652524471283
1.05916166305542,4.937233288870857e-09,0.2929399311542511,0.7661426663398743
1.0587530136108398,4.926154151263518e-09,0.2930389642715454,0.7656354308128357
1.0583467483520508,4.926154151263518e-09,0.29313787817955017,0.7651306390762329
1.0579429864883423,4.926154151263518e-09,0.29323649406433105,0.7646285891532898
1.0575414896011353,4.926154151263518e-09,0.2933349907398224,0.7641289234161377
1.0571423768997192,4.926154151263518e-09,0.2934333384037018,0.7636318802833557
1.0567455291748047,4.926154151263518e-09,0.2935314476490021,0.7631373405456543
1.0563510656356812,4.926154151263518e-09,0.29362940788269043,0.7626451849937439
1.055958867073059,4.926154151263518e-09,0.29372721910476685,0.7621555328369141
1.0555689334869385,4.926154151263518e-09,0.29382482171058655,0.76166832447052
1.0551812648773193,4.926154151263518e-09,0.2939223051071167,0.7611835598945618
1.054795742034912,4.926154151263518e-09,0.29401957988739014,0.7607011198997498
1.054412603378296,4.926154151263518e-09,0.29411670565605164,0.7602211833000183
1.0540316104888916,4.926154151263518e-09,0.2942136228084564,0.7597435116767883
1.0536527633666992,4.926154151263518e-09,0.29431042075157166,0.7592682838439941
1.0532763004302979,4.926154151263518e-09,0.2944070100784302,0.7587954998016357
1.0529018640518188,4.926154151263518e-09,0.29450348019599915,0.758324921131134
1.0525295734405518,4.926154151263518e-09,0.2945997416973114,0.7578566670417786
1.052159309387207,4.926154151263518e-09,0.2946958839893341,0.7573907971382141
1.0517913103103638,4.926154151263518e-09,0.2947917878627777,0.7569270730018616
1.0514254570007324,4.926154151263518e-09,0.29488757252693176,0.7564656734466553
1.0510616302490234,4.926154151263518e-09,0.29498323798179626,0.7560065388679504
1.0506998300552368,4.926154151263518e-09,0.29507866501808167,0.7555496096611023
1.0503400564193726,4.926154151263518e-09,0.2951739728450775,0.7550949454307556
1.0499824285507202,4.926154151263518e-09,0.29526910185813904,0.7546423673629761
1.0496268272399902,4.926154151263518e-09,0.2953640818595886,0.7541921734809875
1.0492732524871826,4.926154151263518e-09,0.29545894265174866,0.7537439465522766
1.0489217042922974,4.926154151263518e-09,0.295553594827652,0.7532980442047119
1.048572063446045,4.926154151263518e-09,0.29564809799194336,0.7528541684150696
1.0482243299484253,4.926154151263518e-09,0.2957424521446228,0.7524125576019287
1.047878623008728,4.926154151263518e-09,0.2958366274833679,0.7519729733467102
1.0475349426269531,4.926154151263518e-09,0.2959306538105011,0.7515354752540588
1.0471930503845215,4.926154151263518e-09,0.2960245609283447,0.7511001229286194
1.0468531847000122,4.926154151263518e-09,0.29611825942993164,0.7506667971611023
1.0465152263641357,4.926154151263518e-09,0.296211838722229,0.7502354979515076
1.046179175376892,4.926154151263518e-09,0.29630523920059204,0.74980628490448
1.0458450317382812,4.926154151263518e-09,0.2963985204696655,0.7493791580200195
1.0455126762390137,4.926154151263518e-09,0.2964916229248047,0.7489539980888367
1.045182228088379,4.926154151263518e-09,0.2965846061706543,0.7485308051109314
1.044853687286377,4.926154151263518e-09,0.2966773808002472,0.7481096982955933
1.0445268154144287,4.926154151263518e-09,0.2967700660228729,0.7476904988288879
1.0442018508911133,4.926154151263518e-09,0.2968626022338867,0.7472732663154602
1.0438786745071411,4.926154151263518e-09,0.2969549298286438,0.7468580603599548
1.0435572862625122,4.926154151263518e-09,0.29704713821411133,0.746444821357727
1.0432378053665161,4.926154151263518e-09,0.29713916778564453,0.7460334300994873
1.0429198741912842,4.926154151263518e-09,0.29723110795021057,0.7456239461898804
1.0426039695739746,4.9150745695669684e-09,0.2973228394985199,0.7452163696289062
1.0422894954681396,4.9150745695669684e-09,0.2974144518375397,0.7448107004165649
1.0419769287109375,4.9150745695669684e-09,0.2975059449672699,0.7444068789482117
1.0416662693023682,4.9150745695669684e-09,0.2975972890853882,0.744005024433136
1.0413569211959839,4.9150745695669684e-09,0.29768842458724976,0.7436048984527588
1.0410494804382324,4.9150745695669684e-09,0.2977794408798218,0.7432066798210144
1.0407438278198242,4.9150745695669684e-09,0.29787033796310425,0.7428102493286133
1.0404396057128906,4.9150745695669684e-09,0.2979610860347748,0.7424156665802002
1.0401371717453003,4.9150745695669684e-09,0.298051655292511,0.7420228719711304
1.0398364067077637,4.9150745695669684e-09,0.29814213514328003,0.7416319847106934
1.0395373106002808,4.9150745695669684e-09,0.29823246598243713,0.7412427663803101
1.039239764213562,4.9150745695669684e-09,0.2983225882053375,0.74085533618927
1.038943886756897,4.9150745695669684e-09,0.2984126806259155,0.7404696941375732
1.0386496782302856,4.9150745695669684e-09,0.2985025644302368,0.740085780620575
1.0383570194244385,4.9150745695669684e-09,0.29859229922294617,0.7397035360336304
1.0380659103393555,4.9150745695669684e-09,0.2986818850040436,0.7393231391906738
1.0377764701843262,4.9150745695669684e-09,0.29877138137817383,0.7389443516731262
1.037488579750061,4.9150745695669684e-09,0.29886066913604736,0.7385673522949219
1.0372021198272705,4.9150745695669684e-09,0.2989498972892761,0.738192081451416
1.0369173288345337,4.9150745695669684e-09,0.29903897643089294,0.7378183007240295
1.0366339683532715,4.9150745695669684e-09,0.29912787675857544,0.7374463081359863
1.036352276802063,4.9150745695669684e-09,0.29921668767929077,0.7370759844779968
1.036072015762329,4.9150745695669684e-09,0.2993053197860718,0.7367073893547058
1.0357933044433594,4.9150745695669684e-09,0.29939380288124084,0.7363402843475342
1.0355160236358643,4.9150745695669684e-09,0.29948216676712036,0.7359749674797058
1.0352401733398438,4.9150745695669684e-09,0.2995704412460327,0.7356111407279968
1.034965991973877,4.9150745695669684e-09,0.29965850710868835,0.7352490425109863
1.0346931219100952,4.9150745695669684e-09,0.29974645376205444,0.7348884344100952
1.034421682357788,4.9150745695669684e-09,0.299834281206131,0.7345293760299683
1.0341517925262451,4.9150745695669684e-09,0.29992201924324036,0.7341720461845398
1.0338833332061768,4.9150745695669684e-09,0.30000951886177063,0.7338162660598755
1.033616304397583,4.9150745695669684e-09,0.3000969886779785,0.7334619760513306
1.0333507061004639,4.9150745695669684e-09,0.3001842498779297,0.7331092953681946
1.0330865383148193,4.9150745695669684e-09,0.3002714216709137,0.7327580451965332
1.0328236818313599,4.9150745695669684e-09,0.30035847425460815,0.7324084043502808
1.032562255859375,4.9150745695669684e-09,0.3004453778266907,0.7320603132247925
1.0323021411895752,4.9150745695669684e-09,0.30053210258483887,0.7317137718200684
1.0320435762405396,4.9150745695669684e-09,0.3006187379360199,0.7313686013221741
1.0317862033843994,4.9150745695669684e-09,0.3007052540779114,0.7310250997543335
1.0315303802490234,4.9150745695669684e-09,0.3007916510105133,0.7306829690933228
1.0312756299972534,4.9150745695669684e-09,0.3008778989315033,0.7303422093391418
1.0310224294662476,4.9150745695669684e-09,0.30096399784088135,0.7300030589103699
1.0307705402374268,4.9150745695669684e-09,0.30104997754096985,0.7296653389930725
1.0305198431015015,4.902672490203486e-09,0.3011358380317688,0.7293291687965393
1.0302705764770508,4.890601257301341e-09,0.3012215495109558,0.7289942502975464
1.0300226211547852,4.878860426771325e-09,0.30130717158317566,0.7286608815193176
1.029775857925415,4.867450442702648e-09,0.30139264464378357,0.7283288836479187
1.0295305252075195,4.8563708610060985e-09,0.30147796869277954,0.7279983162879944
1.0292863845825195,4.8563708610060985e-09,0.30156317353248596,0.7276692390441895
1.0290435552597046,4.8563708610060985e-09,0.30164825916290283,0.7273414134979248
1.0288019180297852,4.8563708610060985e-09,0.30173322558403015,0.7270150184631348
1.0285615921020508,4.8563708610060985e-09,0.30181804299354553,0.7266901135444641
1.028322458267212,4.8563708610060985e-09,0.30190277099609375,0.726366400718689
1.0280845165252686,4.8563708610060985e-09,0.30198732018470764,0.7260441780090332
1.0278480052947998,4.8563708610060985e-09,0.30207180976867676,0.7257232666015625
1.027612566947937,4.8563708610060985e-09,0.30215612053871155,0.7254037261009216
1.0273784399032593,4.8563708610060985e-09,0.3022403120994568,0.7250854969024658
1.0271453857421875,4.8563708610060985e-09,0.30232441425323486,0.7247685790061951
1.0269136428833008,4.8563708610060985e-09,0.302408367395401,0.7244530916213989
1.02668297290802,4.8563708610060985e-09,0.3024922311306,0.7241387367248535
1.0264536142349243,4.8563708610060985e-09,0.3025759160518646,0.7238258719444275
1.0262253284454346,4.8563708610060985e-09,0.3026595115661621,0.7235141396522522
1.0259983539581299,4.8563708610060985e-09,0.30274298787117004,0.7232038378715515
1.0257724523544312,4.8563708610060985e-09,0.30282631516456604,0.7228947877883911
1.025547742843628,4.8563708610060985e-09,0.3029095530509949,0.7225868701934814
1.0253241062164307,4.8563708610060985e-09,0.3029926121234894,0.7222803831100464
1.025101661682129,4.8563708610060985e-09,0.3030756115913391,0.7219751477241516
1.024880290031433,4.8563708610060985e-09,0.3031584620475769,0.7216711640357971
1.0246601104736328,4.8563708610060985e-09,0.30324122309684753,0.7213683724403381
1.0244410037994385,4.8563708610060985e-09,0.3033238351345062,0.7210668325424194
1.0242230892181396,4.8563708610060985e-09,0.303406298160553,0.720766544342041
1.0240061283111572,4.8563708610060985e-09,0.30348867177963257,0.7204673886299133
1.0237904787063599,4.8563708610060985e-09,0.303570955991745,0.7201695442199707
1.023575782775879,4.8563708610060985e-09,0.3036530613899231,0.7198729515075684
1.023362159729004,4.8563708610060985e-09,0.30373507738113403,0.7195774912834167
1.0231496095657349,4.8563708610060985e-09,0.30381694436073303,0.7192832231521606
1.0229382514953613,4.8563708610060985e-09,0.30389872193336487,0.7189901471138
1.0227277278900146,4.8563708610060985e-09,0.30398038029670715,0.7186982035636902
1.022518515586853,4.8563708610060985e-09,0.3040619492530823,0.7184075117111206
1.0223101377487183,4.8563708610060985e-09,0.30414339900016785,0.7181179523468018
1.022102952003479,4.8563708610060985e-09,0.3042246699333191,0.7178295850753784
1.0218967199325562,4.8563708610060985e-09,0.3043058514595032,0.7175423502922058
1.0216915607452393,4.8563708610060985e-09,0.3043869137763977,0.7172562479972839
1.0214873552322388,4.8563708610060985e-09,0.3044678568840027,0.7169712781906128
1.0212843418121338,4.8563708610060985e-09,0.3045487105846405,0.7166874408721924
1.0210821628570557,4.8563708610060985e-09,0.3046294152736664,0.7164047956466675
1.020881175994873,4.8563708610060985e-09,0.3047100305557251,0.7161232233047485
1.0206809043884277,4.8563708610060985e-09,0.30479052662849426,0.7158427238464355
1.020481824874878,4.8563708610060985e-09,0.3048708736896515,0.7155634164810181
1.0202836990356445,4.8563708610060985e-09,0.30495113134384155,0.7152851223945618
1.020086407661438,4.8563708610060985e-09,0.30503126978874207,0.7150079607963562
1.019890308380127,4.8563708610060985e-09,0.305111289024353,0.7147319316864014
1.0196950435638428,4.8133768082436745e-09,0.3051912486553192,0.7144569754600525
1.019500732421875,4.771705253148184e-09,0.3052709996700287,0.7141830325126648
1.0193074941635132,4.731356639808837e-09,0.30535072088241577,0.7139101624488831
1.0191152095794678,4.692331412314843e-09,0.30543026328086853,0.713638424873352
1.0189237594604492,4.6546286824877825e-09,0.3055097162723541,0.7133676409721375
1.018733263015747,4.618248894416865e-09,0.30558907985687256,0.7130980491638184
1.0185438394546509,4.5831920481020916e-09,0.30566829442977905,0.7128294110298157
1.018355131149292,4.549457699454251e-09,0.3057474195957184,0.7125617861747742
1.018167495727539,4.517046736651764e-09,0.30582645535469055,0.7122951745986938
1.0179808139801025,4.48595871560542e-09,0.3059053421020508,0.7120296955108643
1.0177948474884033,4.45619319222601e-09,0.3059840798377991,0.7117651700973511
1.01760995388031,4.388725383108749e-09,0.306062787771225,0.7115016579627991
1.0174260139465332,4.313154722268564e-09,0.30614134669303894,0.711239218711853
1.017242670059204,4.240560347312794e-09,0.30621975660324097,0.7109777331352234
1.0170605182647705,4.170942702330649e-09,0.3062981367111206,0.7107172608375549
1.0168790817260742,4.104301343232919e-09,0.3063763380050659,0.7104577422142029
1.0166985988616943,4.040636714108814e-09,0.3064544200897217,0.710199236869812
1.0165188312530518,3.979948814958334e-09,0.30653244256973267,0.7099416851997375
1.0163401365280151,3.922237201692269e-09,0.3066103458404541,0.7096851468086243
1.0161621570587158,3.867502318399829e-09,0.306688129901886,0.7094295620918274
1.015985131263733,3.815743720991804e-09,0.3067657947540283,0.7091749906539917
1.0158089399337769,3.7669618535574045e-09,0.3068433701992035,0.7089213132858276
1.0156335830688477,3.72115627200742e-09,0.3069208264350891,0.7086686491966248
1.0154590606689453,3.690894923025212e-09,0.30699819326400757,0.7084168791770935
1.0152854919433594,3.6622871402158808e-09,0.3070754110813141,0.7081660628318787
1.0151126384735107,3.6353329235794263e-09,0.30715253949165344,0.707916259765625
1.0149405002593994,3.6100324951604534e-09,0.30722954869270325,0.7076672315597534
1.0147693157196045,3.5863856329143573e-09,0.3073064982891083,0.7074192762374878
1.0145988464355469,3.564392336841138e-09,0.307383269071579,0.707172155380249
1.0144293308258057,3.5440528289854e-09,0.3074600100517273,0.7069259285926819
1.0142605304718018,3.525366887302539e-09,0.3075365722179413,0.7066807150840759
1.0140924453735352,3.5209020143867065e-09,0.3076130747795105,0.7064363360404968
1.013925313949585,3.5167679879322122e-09,0.3076893985271454,0.7061929106712341
1.013758897781372,3.5129645858944514e-09,0.3077657222747803,0.7059503197669983
1.013593316078186,3.509492030318029e-09,0.30784186720848083,0.7057086825370789
1.0134284496307373,3.509492030318029e-09,0.30791792273521423,0.705467939376831
1.0132644176483154,3.509492030318029e-09,0.3079938590526581,0.7052280306816101
1.0131011009216309,3.509492030318029e-09,0.30806973576545715,0.704988956451416
1.0129387378692627,3.509492030318029e-09,0.3081454932689667,0.7047508358955383
1.0127768516540527,3.509492030318029e-09,0.30822110176086426,0.7045135498046875
1.0126159191131592,3.509492030318029e-09,0.3082966208457947,0.7042771577835083
1.0124555826187134,3.509492030318029e-09,0.3083720803260803,0.704041600227356
1.0122960805892944,3.509492030318029e-09,0.30844739079475403,0.7038068175315857
1.0121374130249023,3.509492030318029e-09,0.30852261185646057,0.7035729289054871
1.0119794607162476,3.509492030318029e-09,0.30859774351119995,0.7033399939537048
1.0118221044540405,3.509492030318029e-09,0.3086727261543274,0.7031078338623047
1.0116655826568604,3.509492030318029e-09,0.30874764919281006,0.7028763890266418
1.011509656906128,3.509492030318029e-09,0.3088224530220032,0.7026458978652954
1.011354684829712,3.509492030318029e-09,0.3088971674442291,0.7024162411689758
1.011200189590454,3.509492030318029e-09,0.3089717626571655,0.7021873593330383
1.0110466480255127,3.509492030318029e-09,0.3090462386608124,0.7019593715667725
1.010893702507019,3.509492030318029e-09,0.30912065505981445,0.7017320394515991
1.0107414722442627,3.509492030318029e-09,0.3091949224472046,0.7015056014060974
1.0105899572372437,3.509492030318029e-09,0.30926910042762756,0.7012799978256226
1.010439157485962,3.509492030318029e-09,0.309343159198761,0.701055109500885
1.010288953781128,3.509492030318029e-09,0.309417188167572,0.7008311748504639
1.0101394653320312,3.509492030318029e-09,0.3094910681247711,0.7006078958511353
1.0099906921386719,3.509492030318029e-09,0.30956485867500305,0.7003854513168335
1.0098426342010498,3.509492030318029e-09,0.30963850021362305,0.7001637816429138
1.009695291519165,3.509492030318029e-09,0.30971208214759827,0.6999428272247314
1.0095484256744385,3.509492030318029e-09,0.30978554487228394,0.6997227072715759
1.0094022750854492,3.509492030318029e-09,0.30985894799232483,0.6995034217834473
1.0092570781707764,3.509492030318029e-09,0.30993223190307617,0.6992847919464111
1.0091122388839722,3.509492030318029e-09,0.31000539660453796,0.6990668773651123
1.0089681148529053,3.509492030318029e-09,0.3100784718990326,0.6988498568534851
1.0088247060775757,3.509492030318029e-09,0.31015145778656006,0.69863361120224
1.0086818933486938,3.509492030318029e-09,0.3102242946624756,0.6984179615974426
1.0085396766662598,3.509492030318029e-09,0.3102971017360687,0.6982031464576721
1.0083982944488525,3.509492030318029e-09,0.3103697896003723,0.6979889869689941
1.0082573890686035,3.509492030318029e-09,0.31044235825538635,0.697775661945343
1.0081171989440918,3.509492030318029e-09,0.3105148375034332,0.6975630521774292
1.0079776048660278,3.509492030318029e-09,0.31058719754219055,0.6973511576652527
1.0078386068344116,3.509492030318029e-09,0.3106594681739807,0.6971399784088135
1.0077002048492432,3.509492030318029e-09,0.3107316493988037,0.6969295144081116
1.0075626373291016,3.509492030318029e-09,0.31080377101898193,0.6967198252677917
1.0074254274368286,3.509492030318029e-09,0.3108757436275482,0.6965107917785645
1.007288932800293,3.509492030318029e-09,0.3109476566314697,0.6963025331497192
1.007153034210205,3.509492030318029e-09,0.3110194206237793,0.6960949301719666
1.007017731666565,3.509492030318029e-09,0.3110911250114441,0.6958880424499512
1.006883144378662,3.509492030318029e-09,0.3111627399921417,0.6956818103790283
1.0067490339279175,3.509492030318029e-09,0.3112342655658722,0.6954763531684875
1.0066156387329102,3.509492030318029e-09,0.3113056421279907,0.6952714920043945
1.0064826011657715,3.509492030318029e-09,0.31137698888778687,0.6950673460960388
1.0063502788543701,3.509492030318029e-09,0.31144821643829346,0.6948639154434204
1.006218671798706,3.509492030318029e-09,0.3115192949771881,0.6946612000465393
1.0060875415802002,3.509492030318029e-09,0.311590313911438,0.6944591403007507
1.0059568881988525,3.509492030318029e-09,0.3116612732410431,0.6942576766014099
1.0058269500732422,3.509492030318029e-09,0.31173208355903625,0.6940569877624512
1.00569748878479,3.509492030318029e-09,0.31180280447006226,0.6938568949699402
1.0055688619613647,3.509492030318029e-09,0.31187349557876587,0.6936575174331665
1.0054404735565186,3.509492030318029e-09,0.31194406747817993,0.6934587359428406
1.0053128004074097,3.509492030318029e-09,0.31201446056365967,0.693260669708252
1.005185604095459,3.509492030318029e-09,0.312084823846817,0.6930632591247559
1.005059003829956,3.509492030318029e-09,0.3121551275253296,0.6928665041923523
1.0049329996109009,3.509492030318029e-09,0.3122253119945526,0.6926702857017517
1.004807472229004,3.509492030318029e-09,0.31229540705680847,0.6924747824668884
1.0046826601028442,3.509492030318029e-09,0.3123653531074524,0.6922799944877625
1.0045582056045532,3.509492030318029e-09,0.31243523955345154,0.6920857429504395
1.00443434715271,3.509492030318029e-09,0.3125050663948059,0.6918922066688538
1.004310965538025,3.509492030318029e-09,0.3125747740268707,0.691699206829071
1.0041881799697876,3.509492030318029e-09,0.3126443922519684,0.6915068626403809
1.004065990447998,3.509492030318029e-09,0.3127139210700989,0.6913151741027832
1.0039442777633667,3.509492030318029e-09,0.3127833306789398,0.6911241412162781
1.0038230419158936,3.509492030318029e-09,0.312852680683136,0.6909335851669312
1.0037024021148682,3.509492030318029e-09,0.312921941280365,0.6907437443733215
1.003582239151001,3.509492030318029e-09,0.31299105286598206,0.6905544400215149
1.003462553024292,3.509492030318029e-09,0.3130601644515991,0.6903658509254456
1.0033434629440308,3.509492030318029e-09,0.3131290674209595,0.6901777982711792
1.0032248497009277,3.509492030318029e-09,0.3131979703903198,0.6899904012680054
1.003106713294983,3.509492030318029e-09,0.313266783952713,0.6898036003112793
1.0029890537261963,3.509492030318029e-09,0.31333550810813904,0.6896173357963562
1.0028719902038574,3.509492030318029e-09,0.3134041130542755,0.6894316673278809
1.0027555227279663,3.509492030318029e-09,0.31347259879112244,0.689246654510498
1.0026392936706543,3.509492030318029e-09,0.313541054725647,0.689062237739563
1.00252366065979,3.509492030318029e-09,0.31360939145088196,0.6888782978057861
1.0024086236953735,3.509492030318029e-09,0.3136776387691498,0.6886950135231018
1.0022940635681152,3.509492030318029e-09,0.31374579668045044,0.6885122060775757
1.0021798610687256,3.509492030318029e-09,0.31381386518478394,0.6883300542831421
1.0020661354064941,3.509492030318029e-09,0.31388184428215027,0.688148558139801
1.0019530057907104,3.509492030318029e-09,0.3139497637748718,0.6879675388336182
1.0018402338027954,3.509492030318029e-09,0.31401753425598145,0.6877870559692383
1.0017280578613281,3.509492030318029e-09,0.3140852749347687,0.6876072287559509
1.0016162395477295,3.509492030318029e-09,0.31415289640426636,0.687427818775177
1.001504898071289,3.509492030318029e-09,0.3142203986644745,0.6872490644454956
1.001394271850586,3.509492030318029e-09,0.31428787112236023,0.687070906162262
1.0012837648391724,3.509492030318029e-09,0.3143552839756012,0.6868932843208313
1.001173973083496,3.509492030318029e-09,0.31442248821258545,0.6867161989212036
1.0010645389556885,3.509492030318029e-09,0.3144897222518921,0.6865395307540894
1.000955581665039,3.509492030318029e-09,0.3145568072795868,0.6863636374473572
1.0008471012115479,3.509492030318029e-09,0.31462380290031433,0.6861881017684937
1.0007389783859253,3.509492030318029e-09,0.3146907687187195,0.6860131621360779
1.0006314516067505,3.509492030318029e-09,0.3147575855255127,0.6858386993408203
1.0005241632461548,3.509492030318029e-09,0.31482434272766113,0.6856649518013
1.0004174709320068,3.509492030318029e-09,0.31489098072052,0.6854915618896484
1.0003111362457275,3.509492030318029e-09,0.31495755910873413,0.6853187680244446
1.0002052783966064,3.509492030318029e-09,0.3150240480899811,0.6851465106010437
1.0000998973846436,3.509492030318029e-09,0.31509047746658325,0.684974730014801
0.9999949932098389,3.509492030318029e-09,0.31515681743621826,0.6848034858703613
0.9998903870582581,3.509492030318029e-09,0.3152230381965637,0.6846327781677246
0.999786376953125,3.509492030318029e-09,0.31528913974761963,0.6844625473022461
0.9996826648712158,3.509492030318029e-09,0.31535524129867554,0.6842929124832153
0.9995793104171753,3.498743517127423e-09,0.3154212236404419,0.6841237545013428
0.9994766116142273,3.48832562835355e-09,0.3154871165752411,0.6839550137519836
0.9993742108345032,3.478238363996411e-09,0.3155529499053955,0.6837868690490723
0.9992721676826477,3.468482168145215e-09,0.3156186640262604,0.6836192607879639
0.9991706609725952,3.4590563746661473e-09,0.31568431854248047,0.6834520697593689
0.9990695714950562,3.449961427648418e-09,0.315749853849411,0.6832853555679321
0.998968780040741,3.441197327092027e-09,0.3158153295516968,0.6831192970275879
0.9988682866096497,3.4327636289077645e-09,0.3158807158470154,0.6829535961151123
0.9987684488296509,3.4246609992294452e-09,0.3159460425376892,0.6827883720397949
0.9986690282821655,3.4168889939678593e-09,0.3160112798213959,0.6826236844062805
0.9985698461532593,3.4094476131230067e-09,0.3160764276981354,0.6824594736099243
0.9984711408615112,3.4023370787394924e-09,0.3161414861679077,0.6822957992553711
0.9983727931976318,3.3955571687727115e-09,0.3162064552307129,0.6821325421333313
0.9982749223709106,3.389107883222664e-09,0.3162713348865509,0.6819698214530945
0.9981774091720581,3.3829896661785597e-09,0.31633618474006653,0.6818074584007263
0.9980802536010742,3.377201851506584e-09,0.3164008855819702,0.6816456317901611
0.9979836344718933,3.3717448832959462e-09,0.3164655268192291,0.6814844012260437
0.9978872537612915,3.366618761546647e-09,0.31653010845184326,0.6813235282897949
0.9977912902832031,3.361823042169476e-09,0.31659457087516785,0.6811631321907043
0.9976957440376282,3.3573583912982485e-09,0.31665900349617004,0.6810031533241272
0.9976004958152771,3.3532243648437543e-09,0.3167233169078827,0.6808437705039978
0.9975057244300842,3.3494209628059934e-09,0.3167875111103058,0.6806846857070923
0.9974112510681152,3.345948407229571e-09,0.3168517053127289,0.6805262565612793
0.9973172545433044,3.345948407229571e-09,0.3169157803058624,0.6803680658340454
0.9972235560417175,3.345948407229571e-09,0.3169797658920288,0.6802104711532593
0.9971301555633545,3.345948407229571e-09,0.3170436918735504,0.6800532341003418
0.9970372915267944,3.345948407229571e-09,0.31710752844810486,0.6798965930938721
0.9969447255134583,3.345948407229571e-09,0.31717127561569214,0.6797402501106262
0.9968525171279907,3.345948407229571e-09,0.31723496317863464,0.6795845031738281
0.9967607259750366,3.345948407229571e-09,0.3172985315322876,0.6794290542602539
0.9966692924499512,3.345948407229571e-09,0.31736209988594055,0.6792741417884827
0.9965780973434448,3.345948407229571e-09,0.31742551922798157,0.6791195869445801
0.9964874386787415,3.345948407229571e-09,0.3174888491630554,0.6789655089378357
0.9963970184326172,3.345948407229571e-09,0.3175521492958069,0.6788119077682495
0.9963068962097168,3.345948407229571e-09,0.3176153302192688,0.6786587238311768
0.9962172508239746,3.345948407229571e-09,0.3176784813404083,0.6785059571266174
0.9961278438568115,3.345948407229571e-09,0.3177415132522583,0.6783536672592163
0.9960389137268066,3.345948407229571e-09,0.3178044557571411,0.6782017946243286
0.9959503412246704,3.345948407229571e-09,0.31786733865737915,0.6780502796173096
0.9958620071411133,3.345948407229571e-09,0.3179301619529724,0.6778992414474487
0.9957740306854248,3.345948407229571e-09,0.3179928660392761,0.6777486205101013
0.9956865310668945,3.345948407229571e-09,0.31805554032325745,0.6775984168052673
0.9955992102622986,3.345948407229571e-09,0.3181180953979492,0.6774486303329468
0.9955123066902161,3.345948407229571e-09,0.31818056106567383,0.6772993206977844
0.9954257011413574,3.345948407229571e-09,0.31824296712875366,0.6771502494812012
0.9953394532203674,3.345948407229571e-09,0.3183053433895111,0.6770017743110657
0.9952536225318909,3.345948407229571e-09,0.3183676302433014,0.6768536567687988
0.9951679706573486,3.345948407229571e-09,0.31842976808547974,0.6767058968544006
0.9950827360153198,3.345948407229571e-09,0.3184918761253357,0.6765585541725159
0.9949978590011597,3.345948407229571e-09,0.31855395436286926,0.6764116287231445
0.9949132204055786,3.345948407229571e-09,0.3186158835887909,0.6762651801109314
0.9948290586471558,3.345948407229571e-09,0.31867775321006775,0.6761190891265869
0.9947450757026672,3.345948407229571e-09,0.3187395930290222,0.6759734153747559
0.9946615099906921,3.345948407229571e-09,0.31880131363868713,0.6758280396461487
0.9945781230926514,3.33519967199436e-09,0.3188629746437073,0.6756832003593445
0.994495153427124,3.3247820052650923e-09,0.3189244866371155,0.6755385994911194
0.9944124817848206,3.314694740907953e-09,0.31898602843284607,0.6753944754600525
0.9943302273750305,3.304938323012152e-09,0.3190474510192871,0.675250768661499
0.9942481517791748,3.2955127515776894e-09,0.319108784198761,0.675107479095459
0.9941664934158325,3.28641780455996e-09,0.3191700875759125,0.6749644875526428
0.9940850734710693,3.2776534819589642e-09,0.3192313015460968,0.6748219728469849
0.9940038919448853,3.2692200058193066e-09,0.31929242610931396,0.6746797561645508
0.9939231276512146,3.2611173761409873e-09,0.31935349106788635,0.6745379567146301
0.9938427209854126,3.2533451488347964e-09,0.3194144666194916,0.6743964552879333
0.9937624931335449,3.2459039900345488e-09,0.31947532296180725,0.6742555499076843
0.9936826229095459,3.2387932336064296e-09,0.3195361793041229,0.6741147637367249
0.993602991104126,3.2320135456842536e-09,0.31959691643714905,0.6739745140075684
0.9935238361358643,3.225564260134206e-09,0.3196576237678528,0.6738346219062805
0.9934448599815369,3.219445821045497e-09,0.31971824169158936,0.6736950874328613
0.9933661818504333,3.213658228418126e-09,0.31977880001068115,0.673555850982666
0.9932878017425537,3.2082012602074883e-09,0.3198392391204834,0.6734170913696289
0.9932097792625427,3.203074916413584e-09,0.31989964842796326,0.6732786893844604
0.9931318759918213,3.198279419081018e-09,0.31995993852615356,0.6731405854225159
0.9930545091629028,3.1938147682097906e-09,0.3200201988220215,0.6730029582977295
0.9929773807525635,3.1896805197106914e-09,0.32008036971092224,0.672865629196167
0.9929004907608032,3.1858773397175355e-09,0.32014045119285583,0.6727285981178284
0.9928237199783325,3.182404562096508e-09,0.32020050287246704,0.6725919842720032
0.99274742603302,3.182404562096508e-09,0.3202604651451111,0.6724556684494019
0.9926713705062866,3.182404562096508e-09,0.32032033801078796,0.6723198294639587
0.9925955533981323,3.182404562096508e-09,0.3203801214694977,0.6721842885017395
0.9925200939178467,3.182404562096508e-09,0.3204399049282074,0.6720490455627441
0.9924448728561401,3.182404562096508e-09,0.32049956917762756,0.6719141602516174
0.9923700094223022,3.182404562096508e-09,0.32055917382240295,0.6717797517776489
0.9922952651977539,3.182404562096508e-09,0.32061871886253357,0.6716455817222595
0.9922209978103638,3.182404562096508e-09,0.3206782042980194,0.6715118288993835
0.9921468496322632,3.182404562096508e-09,0.3207375407218933,0.6713783740997314
0.9920729994773865,3.182404562096508e-09,0.3207969069480896,0.6712451577186584
0.991999626159668,3.182404562096508e-09,0.32085612416267395,0.6711124777793884
0.9919261932373047,3.182404562096508e-09,0.3209152817726135,0.6709800362586975
0.9918532371520996,3.182404562096508e-09,0.3209744393825531,0.6708479523658752
0.9917805194854736,3.182404562096508e-09,0.32103344798088074,0.6707161068916321
0.991707980632782,3.182404562096508e-09,0.321092426776886,0.6705847978591919
0.991635799407959,3.182404562096508e-09,0.3211513161659241,0.6704537272453308
0.9915637969970703,3.182404562096508e-09,0.3212101459503174,0.6703228950500488
0.9914921522140503,3.182404562096508e-09,0.3212689161300659,0.670192539691925
0.9914208650588989,3.182404562096508e-09,0.3213275671005249,0.6700625419616699
0.9913495779037476,3.182404562096508e-09,0.3213862180709839,0.6699327230453491
0.9912786483764648,3.182404562096508e-09,0.3214447498321533,0.6698033213615417
0.9912080764770508,3.182404562096508e-09,0.32150325179100037,0.669674277305603
0.9911377429962158,3.182404562096508e-09,0.32156166434288025,0.6695454716682434
0.99106764793396,3.182404562096508e-09,0.32162001729011536,0.6694170832633972
0.9909977316856384,3.182404562096508e-09,0.3216782808303833,0.6692889332771301
0.9909281730651855,3.182404562096508e-09,0.32173648476600647,0.6691610813140869
0.9908586740493774,3.182404562096508e-09,0.32179462909698486,0.6690336465835571
0.9907896518707275,3.182404562096508e-09,0.3218527138233185,0.6689064502716064
0.9907208681106567,3.182404562096508e-09,0.3219107389450073,0.6687796711921692
0.9906520843505859,3.182404562096508e-09,0.3219686448574066,0.6686530709266663
0.9905838966369629,3.182404562096508e-09,0.3220265507698059,0.6685268878936768
0.9905157089233398,3.182404562096508e-09,0.32208433747291565,0.6684010028839111
0.9904478788375854,3.182404562096508e-09,0.322142094373703,0.6682754158973694
0.9903802871704102,3.182404562096508e-09,0.3221997618675232,0.6681501865386963
0.9903128147125244,3.182404562096508e-09,0.322257399559021,0.6680251955986023
0.9902456402778625,3.182404562096508e-09,0.32231488823890686,0.667900562286377
0.9901787638664246,3.182404562096508e-09,0.3223723769187927,0.6677762269973755
0.9901120662689209,3.182404562096508e-09,0.3224298059940338,0.6676521301269531
0.9900457262992859,3.182404562096508e-09,0.32248714566230774,0.6675284504890442
0.9899795055389404,3.182404562096508e-09,0.3225444257259369,0.6674049496650696
0.9899134635925293,3.182404562096508e-09,0.3226016163825989,0.6672818660736084
0.9898478388786316,3.182404562096508e-09,0.3226587474346161,0.6671590209007263
0.9897823929786682,3.182404562096508e-09,0.3227158188819885,0.6670364737510681
0.9897171258926392,3.182404562096508e-09,0.3227728307247162,0.6669142842292786
0.9896520376205444,3.182404562096508e-09,0.3228297531604767,0.6667923331260681
0.9895873665809631,3.182404562096508e-09,0.3228866457939148,0.6666706800460815
0.9895228147506714,3.182404562096508e-09,0.32294347882270813,0.6665493845939636
0.989458441734314,3.182404562096508e-09,0.3230002522468567,0.66642826795578
0.9893943667411804,3.182404562096508e-09,0.3230569064617157,0.6663075089454651
0.9893304109573364,3.182404562096508e-09,0.3231135606765747,0.666187047958374
0.9892667531967163,3.182404562096508e-09,0.32317012548446655,0.6660668253898621
0.9892033338546753,3.182404562096508e-09,0.32322660088539124,0.6659469604492188
0.9891401529312134,3.182404562096508e-09,0.32328301668167114,0.6658273339271545
0.9890772700309753,3.182404562096508e-09,0.3233393430709839,0.665708065032959
0.9890145063400269,3.182404562096508e-09,0.32339566946029663,0.6655890941619873
0.9889519214630127,3.182404562096508e-09,0.3234519362449646,0.66547030210495
0.9888896942138672,3.182404562096508e-09,0.3235081136226654,0.6653518676757812
0.9888275861740112,3.182404562096508e-09,0.32356420159339905,0.6652336120605469
0.9887657165527344,3.182404562096508e-09,0.3236202597618103,0.6651157736778259
0.9887040257453918,3.182404562096508e-09,0.3236762583255768,0.6649980545043945
0.9886425733566284,3.182404562096508e-09,0.3237321674823761,0.6648807525634766
0.9885812997817993,3.182404562096508e-09,0.32378801703453064,0.6647636890411377
0.9885203242301941,3.182404562096508e-09,0.3238438367843628,0.6646468639373779
0.9884594678878784,3.182404562096508e-09,0.3238995671272278,0.6645303964614868
0.9883989095687866,3.182404562096508e-09,0.3239552080631256,0.6644141674041748
0.9883385300636292,3.182404562096508e-09,0.32401084899902344,0.6642981767654419
0.9882783889770508,3.182404562096508e-09,0.3240664005279541,0.6641824245452881
0.9882184267044067,3.182404562096508e-09,0.3241218626499176,0.6640670895576477
0.9881587028503418,3.182404562096508e-09,0.3241772949695587,0.6639519333839417
0.9880991578102112,3.182404562096508e-09,0.3242326080799103,0.6638370156288147
0.9880397915840149,3.182404562096508e-09,0.32428792119026184,0.6637223958969116
0.9879806041717529,3.182404562096508e-09,0.324343204498291,0.6636080741882324
0.9879217147827148,3.182404562096508e-09,0.324398398399353,0.6634939312934875
0.9878629446029663,3.182404562096508e-09,0.3244535028934479,0.6633801460266113
0.9878044128417969,3.182404562096508e-09,0.32450854778289795,0.6632665991783142
0.9877461194992065,3.182404562096508e-09,0.32456350326538086,0.6631532907485962
0.9876880645751953,3.182404562096508e-09,0.32461848855018616,0.663040280342102
0.9876300096511841,3.182404562096508e-09,0.3246733248233795,0.6629274487495422
0.987572431564331,3.182404562096508e-09,0.3247281312942505,0.6628149151802063
0.9875147938728333,3.182404562096508e-09,0.3247828781604767,0.6627026796340942
0.9874575734138489,3.182404562096508e-09,0.3248375952243805,0.662590742111206
0.9874004125595093,3.182404562096508e-09,0.3248922526836395,0.6624789237976074
0.9873433709144592,3.182404562096508e-09,0.3249468207359314,0.6623674035072327
0.9872865676879883,3.182404562096508e-09,0.3250013291835785,0.662256121635437
0.9872301816940308,3.182404562096508e-09,0.3250557482242584,0.6621452569961548
0.9871737957000732,3.182404562096508e-09,0.32511013746261597,0.6620344519615173
0.9871176481246948,3.182404562096508e-09,0.32516446709632874,0.6619239449501038
0.987061619758606,3.182404562096508e-09,0.3252187669277191,0.6618137359619141
0.9870058298110962,3.182404562096508e-09,0.32527297735214233,0.6617038249969482
0.9869502782821655,3.182404562096508e-09,0.3253271281719208,0.6615940928459167
0.9868948459625244,3.182404562096508e-09,0.32538121938705444,0.6614845395088196
0.9868395328521729,3.182404562096508e-09,0.32543525099754333,0.6613753437995911
0.9867846369743347,3.182404562096508e-09,0.32548925280570984,0.6612663269042969
0.9867296814918518,3.182404562096508e-09,0.3255431652069092,0.6611576080322266
0.9866750240325928,3.182404562096508e-09,0.32559701800346375,0.6610490679740906
0.9866206049919128,3.182404562096508e-09,0.3256508409976959,0.6609408259391785
0.9865662455558777,3.182404562096508e-09,0.32570457458496094,0.6608328223228455
0.9865121841430664,3.182404562096508e-09,0.32575827836990356,0.6607250571250916
0.9864581823348999,3.182404562096508e-09,0.32581186294555664,0.6606175303459167
0.986404538154602,3.182404562096508e-09,0.3258654475212097,0.6605101823806763
0.9863508939743042,3.182404562096508e-09,0.32591894268989563,0.6604030728340149
0.986297607421875,3.182404562096508e-09,0.32597240805625916,0.6602963209152222
0.9862443804740906,3.182404562096508e-09,0.3260258436203003,0.6601897478103638
0.9861912727355957,3.182404562096508e-09,0.3260791599750519,0.6600834131240845
0.9861385822296143,3.182404562096508e-09,0.3261324465274811,0.6599772572517395
0.9860858917236328,3.182404562096508e-09,0.3261856734752655,0.6598713397979736
0.9860333204269409,3.182404562096508e-09,0.32623884081840515,0.6597657203674316
0.9859810471534729,3.182404562096508e-09,0.3262919783592224,0.6596603393554688
0.9859287738800049,3.182404562096508e-09,0.3263449966907501,0.6595550775527954
0.9858769178390503,3.182404562096508e-09,0.32639801502227783,0.659450113773346
0.9858250617980957,3.182404562096508e-09,0.32645097374916077,0.6593454480171204
0.9857734441757202,3.182404562096508e-09,0.32650384306907654,0.6592409014701843
0.985722005367279,3.182404562096508e-09,0.3265566825866699,0.6591366529464722
0.9856706857681274,3.182404562096508e-09,0.32660946249961853,0.6590326428413391
0.9856196641921997,3.182404562096508e-09,0.32666218280792236,0.6589288115501404
0.985568642616272,3.182404562096508e-09,0.3267148435115814,0.6588252186775208
0.9855178594589233,3.182404562096508e-09,0.3267674446105957,0.6587218046188354
0.9854673147201538,3.182404562096508e-09,0.3268200159072876,0.6586186289787292
0.9854167699813843,3.182404562096508e-09,0.32687246799468994,0.6585157513618469
0.9853665828704834,3.182404562096508e-09,0.3269249200820923,0.6584131121635437
0.9853163957595825,3.182404562096508e-09,0.32697731256484985,0.6583105325698853
0.9852664470672607,3.182404562096508e-09,0.32702967524528503,0.6582082509994507
0.9852166771888733,3.182404562096508e-09,0.32708194851875305,0.65810626745224
0.9851671457290649,3.182404562096508e-09,0.3271341621875763,0.6580044031143188
0.9851176738739014,3.182404562096508e-09,0.3271862864494324,0.6579028367996216
0.9850683212280273,3.182404562096508e-09,0.3272384703159332,0.6578014492988586
0.9850191473960876,3.182404562096508e-09,0.32729050517082214,0.6577003002166748
0.984970211982727,3.182404562096508e-09,0.32734251022338867,0.6575992703437805
0.9849214553833008,3.182404562096508e-09,0.32739442586898804,0.6574985980987549
0.9848728179931641,3.182404562096508e-09,0.3274463713169098,0.6573980450630188
0.9848243594169617,3.182404562096508e-09,0.3274981677532196,0.6572977304458618
0.9847760200500488,3.182404562096508e-09,0.3275499939918518,0.6571977138519287
0.9847278594970703,3.182404562096508e-09,0.32760170102119446,0.6570977568626404
0.9846797585487366,3.182404562096508e-09,0.3276534080505371,0.6569980978965759
0.9846320152282715,3.182404562096508e-09,0.3277050256729126,0.6568986177444458
0.9845842123031616,3.182404562096508e-09,0.3277565836906433,0.6567993760108948
0.9845366477966309,3.182404562096508e-09,0.32780811190605164,0.6567003130912781
0.9844893217086792,3.182404562096508e-09,0.3278596103191376,0.6566014289855957
0.9844419956207275,3.182404562096508e-09,0.32791098952293396,0.6565028429031372
0.9843950271606445,3.182404562096508e-09,0.32796236872673035,0.6564043760299683
0.9843479990959167,3.182404562096508e-09,0.32801365852355957,0.6563060879707336
0.9843013286590576,3.182404562096508e-09,0.3280649185180664,0.6562081575393677
0.9842545986175537,3.182404562096508e-09,0.32811614871025085,0.6561102867126465
0.9842082262039185,3.182404562096508e-09,0.32816728949546814,0.6560127139091492
0.9841618537902832,3.182404562096508e-09,0.32821837067604065,0.6559152603149414
0.984115719795227,3.182404562096508e-09,0.32826945185661316,0.6558181047439575
0.9840696454048157,3.182404562096508e-09,0.3283204436302185,0.6557210683822632
0.9840238094329834,3.182404562096508e-09,0.32837140560150146,0.655624270439148
0.9839780330657959,3.182404562096508e-09,0.3284222483634949,0.6555275917053223
0.9839324951171875,3.182404562096508e-09,0.32847312092781067,0.6554312705993652
0.9838870763778687,3.182404562096508e-09,0.3285239338874817,0.6553350687026978
0.9838417768478394,3.182404562096508e-09,0.32857462763786316,0.6552390456199646
0.9837965965270996,3.182404562096508e-09,0.32862529158592224,0.6551432609558105
0.9837515354156494,3.182404562096508e-09,0.32867592573165894,0.655047595500946
0.9837067723274231,3.182404562096508e-09,0.32872653007507324,0.6549522280693054
0.9836620688438416,3.182404562096508e-09,0.3287770748138428,0.6548569202423096
0.9836174845695496,3.182404562096508e-09,0.32882755994796753,0.6547619700431824
0.9835730791091919,3.182404562096508e-09,0.3288779854774475,0.6546671390533447
0.9835287928581238,3.182404562096508e-09,0.3289283514022827,0.6545724272727966
0.98348468542099,3.182404562096508e-09,0.32897865772247314,0.6544779539108276
0.983440637588501,3.182404562096508e-09,0.3290289342403412,0.6543837189674377
0.9833967685699463,3.182404562096508e-09,0.32907918095588684,0.654289722442627
0.9833531379699707,3.182404562096508e-09,0.3291293680667877,0.6541957855224609
0.9833095073699951,3.182404562096508e-09,0.3291794955730438,0.654102087020874
0.9832661151885986,3.182404562096508e-09,0.32922956347465515,0.6540085673332214
0.9832227230072021,3.182404562096508e-09,0.3292796015739441,0.653915286064148
0.9831796884536743,3.182404562096508e-09,0.32932958006858826,0.653822124004364
0.9831365942955017,3.182404562096508e-09,0.32937952876091003,0.653729259967804
0.9830937385559082,3.182404562096508e-09,0.32942935824394226,0.6536364555358887
0.9830508828163147,3.182404562096508e-09,0.3294791877269745,0.6535438895225525
0.9830083847045898,3.182404562096508e-09,0.3295289874076843,0.6534515023231506
0.982965886592865,3.182404562096508e-09,0.3295787274837494,0.6533592939376831
0.9829235076904297,3.182404562096508e-09,0.3296284079551697,0.6532673239707947
0.9828813076019287,3.182404562096508e-09,0.3296780586242676,0.653175413608551
0.9828392267227173,3.182404562096508e-09,0.3297275900840759,0.6530838012695312
0.9827972650527954,3.182404562096508e-09,0.3297771215438843,0.652992308139801
0.9827554225921631,3.182404562096508e-09,0.32982659339904785,0.6529010534286499
0.9827137589454651,3.182404562096508e-09,0.3298760652542114,0.6528099179267883
0.9826722741127014,3.182404562096508e-09,0.32992544770240784,0.6527190208435059
0.9826308488845825,3.182404562096508e-09,0.3299747705459595,0.6526283025741577
0.9825894832611084,3.182404562096508e-09,0.3300240635871887,0.6525377035140991
0.9825484156608582,3.182404562096508e-09,0.3300733268260956,0.6524472236633301
0.9825072884559631,3.182404562096508e-09,0.3301225006580353,0.6523571014404297
0.982466459274292,3.182404562096508e-09,0.330171674489975,0.6522670984268188
0.9824255704879761,3.182404562096508e-09,0.3302207589149475,0.6521772146224976
0.9823850393295288,3.182404562096508e-09,0.33026978373527527,0.6520875096321106
0.9823445081710815,3.182404562096508e-09,0.3303188383579254,0.6519980430603027
0.9823042154312134,3.182404562096508e-09,0.330367773771286,0.6519086956977844
0.9822638034820557,3.182404562096508e-09,0.3304166793823242,0.6518195271492004
0.9822237491607666,3.182404562096508e-09,0.3304655849933624,0.651730477809906
0.9821838140487671,3.182404562096508e-09,0.3305143713951111,0.6516417264938354
0.9821438789367676,3.182404562096508e-09,0.33056312799453735,0.6515530943870544
0.9821041226387024,3.182404562096508e-09,0.33061182498931885,0.6514646410942078
0.982064425945282,3.182404562096508e-09,0.33066055178642273,0.6513763070106506
0.9820249676704407,3.182404562096508e-09,0.33070915937423706,0.6512882709503174
0.9819855690002441,3.182404562096508e-09,0.3307577073574066,0.6512002348899841
0.9819463491439819,3.182404562096508e-09,0.33080625534057617,0.6511123776435852
0.9819072484970093,3.182404562096508e-09,0.3308548033237457,0.6510248780250549
0.9818681478500366,3.182404562096508e-09,0.33090320229530334,0.6509374380111694
0.9818292260169983,3.182404562096508e-09,0.3309515714645386,0.6508501172065735
0.9817904829978943,3.182404562096508e-09,0.3309999406337738,0.6507630348205566
0.9817518591880798,3.182404562096508e-09,0.33104822039604187,0.6506761312484741
0.9817132949829102,3.182404562096508e-09,0.33109647035598755,0.6505892872810364
0.9816749095916748,3.182404562096508e-09,0.3311447203159332,0.6505026817321777
0.9816365838050842,3.182404562096508e-09,0.33119285106658936,0.6504161953926086
0.9815983772277832,3.182404562096508e-09,0.3312409520149231,0.6503298878669739
0.9815603494644165,3.182404562096508e-09,0.33128905296325684,0.650243878364563
0.9815223813056946,3.182404562096508e-09,0.3313370645046234,0.6501579284667969
0.9814845323562622,3.182404562096508e-09,0.3313850462436676,0.6500720977783203
0.9814469218254089,3.182404562096508e-09,0.3314329981803894,0.6499864459037781
0.9814093112945557,3.182404562096508e-09,0.33148086071014404,0.6499009132385254
0.9813718795776367,3.182404562096508e-09,0.3315287232398987,0.6498156189918518
0.9813344478607178,3.182404562096508e-09,0.33157655596733093,0.6497305035591125
0.9812971353530884,3.182404562096508e-09,0.33162426948547363,0.6496455669403076
0.9812601208686829,3.182404562096508e-09,0.3316720128059387,0.6495607495307922
0.9812230467796326,3.182404562096508e-09,0.33171966671943665,0.6494759917259216
0.9811861515045166,3.182404562096508e-09,0.3317672908306122,0.6493915319442749
0.9811493754386902,3.182404562096508e-09,0.33181482553482056,0.649307131767273
0.9811127781867981,3.182404562096508e-09,0.33186236023902893,0.6492229104042053
0.981076180934906,3.182404562096508e-09,0.3319098651409149,0.6491389274597168
0.9810397028923035,3.182404562096508e-09,0.3319573402404785,0.6490550637245178
0.98100346326828,3.182404562096508e-09,0.33200472593307495,0.6489713788032532
0.9809671640396118,3.182404562096508e-09,0.3320520520210266,0.6488877534866333
0.9809310436248779,3.182404562096508e-09,0.33209937810897827,0.6488044261932373
0.9808950424194336,3.182404562096508e-09,0.33214667439460754,0.6487210988998413
0.9808592200279236,3.182404562096508e-09,0.33219388127326965,0.6486379504203796
0.9808233976364136,3.182404562096508e-09,0.332241028547287,0.6485550403594971
0.9807877540588379,3.182404562096508e-09,0.3322881758213043,0.6484723091125488
0.9807522296905518,3.182404562096508e-09,0.3323352634906769,0.6483896374702454
0.9807167053222656,3.182404562096508e-09,0.33238232135772705,0.6483070850372314
0.9806813597679138,3.182404562096508e-09,0.33242931962013245,0.6482247710227966
0.980646014213562,3.182404562096508e-09,0.33247625827789307,0.6481426358222961
0.9806109666824341,3.182404562096508e-09,0.3325231969356537,0.6480606198310852
0.9805759787559509,3.182404562096508e-09,0.33257007598876953,0.647978663444519
0.9805411100387573,3.182404562096508e-09,0.3326168954372406,0.647896945476532
0.9805063009262085,3.182404562096508e-09,0.3326636850833893,0.6478154063224792
0.980471670627594,3.182404562096508e-09,0.3327104449272156,0.6477339267730713
0.9804370403289795,3.182404562096508e-09,0.3327571451663971,0.6476526260375977
0.9804024696350098,3.182404562096508e-09,0.3328038156032562,0.6475715637207031
0.9803681373596191,3.182404562096508e-09,0.3328504264354706,0.6474905014038086
0.9803338646888733,3.182404562096508e-09,0.3328969478607178,0.6474096775054932
0.980299711227417,3.182404562096508e-09,0.33294352889060974,0.6473289132118225
0.9802656173706055,3.182404562096508e-09,0.33298999071121216,0.6472484469413757
0.9802316427230835,3.182404562096508e-09,0.3330364525318146,0.6471680402755737
0.9801977276802063,3.182404562096508e-09,0.3330828547477722,0.6470877528190613
0.9801639914512634,3.182404562096508e-09,0.33312925696372986,0.6470076441764832
0.9801303148269653,3.182404562096508e-09,0.33317553997039795,0.6469276547431946
0.9800968170166016,3.182404562096508e-09,0.33322182297706604,0.6468479037284851
0.9800633192062378,3.182404562096508e-09,0.33326807618141174,0.6467681527137756
0.9800300002098083,3.182404562096508e-09,0.33331426978111267,0.6466886401176453
0.9799968004226685,3.182404562096508e-09,0.3333604037761688,0.6466091871261597
0.9799635410308838,3.182404562096508e-09,0.333406537771225,0.6465299725532532
0.9799305200576782,3.182404562096508e-09,0.33345261216163635,0.6464508175849915
0.9798976182937622,3.182404562096508e-09,0.33349862694740295,0.6463719010353088
0.9798648357391357,3.182404562096508e-09,0.33354461193084717,0.6462931036949158
0.9798319935798645,3.182404562096508e-09,0.3335905969142914,0.6462143063545227
0.9797993302345276,3.182404562096508e-09,0.33363646268844604,0.6461358070373535
0.979766845703125,3.182404562096508e-09,0.3336823582649231,0.6460573077201843
0.9797343611717224,3.182404562096508e-09,0.33372819423675537,0.645979106426239
0.9797019958496094,3.182404562096508e-09,0.33377397060394287,0.6459010243415833
0.9796698093414307,3.182404562096508e-09,0.3338196873664856,0.6458230018615723
0.979637622833252,3.182404562096508e-09,0.3338654041290283,0.6457452178001404
0.9796055555343628,3.182404562096508e-09,0.3339110314846039,0.6456674933433533
0.9795734882354736,3.182404562096508e-09,0.33395668864250183,0.6455898284912109
0.9795417785644531,3.182404562096508e-09,0.3340022563934326,0.6455124020576477
0.9795099496841431,3.182404562096508e-09,0.334047794342041,0.6454351544380188
0.9794782400131226,3.182404562096508e-09,0.334093302488327,0.6453579068183899
0.9794466495513916,3.182404562096508e-09,0.33413875102996826,0.6452809572219849
0.9794151782989502,3.182404562096508e-09,0.3341841697692871,0.6452040672302246
0.9793838262557983,3.182404562096508e-09,0.33422958850860596,0.6451272368431091
0.9793524742126465,3.182404562096508e-09,0.33427491784095764,0.6450506448745728
0.9793213605880737,3.182404562096508e-09,0.33432018756866455,0.6449740529060364
0.9792901277542114,3.182404562096508e-09,0.33436545729637146,0.6448977589607239
0.9792590737342834,3.182404562096508e-09,0.334410697221756,0.6448215246200562
0.9792282581329346,3.182404562096508e-09,0.3344559073448181,0.644745409488678
0.9791975021362305,3.182404562096508e-09,0.3345010280609131,0.6446694135665894
0.9791666269302368,3.182404562096508e-09,0.33454611897468567,0.6445935964584351
0.979136049747467,3.182404562096508e-09,0.33459120988845825,0.6445178985595703
0.9791055917739868,3.182404562096508e-09,0.33463624119758606,0.6444423794746399
0.9790750741958618,3.182404562096508e-09,0.3346812129020691,0.6443669199943542
0.9790446758270264,3.182404562096508e-09,0.33472615480422974,0.6442916393280029
0.9790143966674805,3.182404562096508e-09,0.334771066904068,0.6442164182662964
0.9789842367172241,3.182404562096508e-09,0.3348159193992615,0.6441413760185242
0.9789540767669678,3.182404562096508e-09,0.33486074209213257,0.6440664529800415
0.9789241552352905,3.182404562096508e-09,0.3349055349826813,0.6439916491508484
0.9788941144943237,3.182404562096508e-09,0.3349502980709076,0.6439169645309448
0.978864312171936,3.182404562096508e-09,0.33499500155448914,0.6438423991203308
0.9788346290588379,3.182404562096508e-09,0.3350396752357483,0.6437680721282959
0.9788049459457397,3.182404562096508e-09,0.33508434891700745,0.6436938047409058
0.9787755012512207,3.182404562096508e-09,0.3351289629936218,0.6436195969581604
0.9787458181381226,3.182404562096508e-09,0.33517348766326904,0.6435455679893494
0.9787165522575378,3.182404562096508e-09,0.33521801233291626,0.6434716582298279
0.9786872267723083,3.182404562096508e-09,0.3352625370025635,0.643397867679596
0.9786580801010132,3.182404562096508e-09,0.33530697226524353,0.6433242559432983
0.978628933429718,3.182404562096508e-09,0.3353513479232788,0.6432507634162903
0.9785999059677124,3.182404562096508e-09,0.3353957235813141,0.643177330493927
0.9785710573196411,3.182404562096508e-09,0.335440069437027,0.643104076385498
0.978542149066925,3.182404562096508e-09,0.3354843556880951,0.6430308818817139
0.9785133600234985,3.182404562096508e-09,0.3355286121368408,0.642957866191864
0.9784846305847168,3.182404562096508e-09,0.3355728089809418,0.6428850293159485
0.9784560799598694,3.182404562096508e-09,0.3356170058250427,0.6428122520446777
0.978427529335022,3.182404562096508e-09,0.3356612026691437,0.6427395343780518
0.9783990979194641,3.182404562096508e-09,0.3357052803039551,0.6426669955253601
0.9783707857131958,3.182404562096508e-09,0.3357493579387665,0.642594575881958
0.9783424139022827,3.182404562096508e-09,0.3357933759689331,0.6425223350524902
0.9783143401145935,3.182404562096508e-09,0.33583736419677734,0.6424501538276672
0.9782861471176147,3.182404562096508e-09,0.3358813524246216,0.642378032207489
0.9782582521438599,3.182404562096508e-09,0.33592525124549866,0.6423061490058899
0.9782302379608154,3.182404562096508e-09,0.3359691798686981,0.6422343254089355
0.9782024621963501,3.182404562096508e-09,0.33601298928260803,0.6421626806259155
0.9781746864318848,3.182404562096508e-09,0.33605679869651794,0.6420910358428955
0.978147029876709,3.182404562096508e-09,0.33610057830810547,0.6420196294784546
0.9781193733215332,3.182404562096508e-09,0.3361442983150482,0.6419483423233032
0.9780918955802917,3.182404562096508e-09,0.33618804812431335,0.6418771147727966
0.9780644178390503,3.182404562096508e-09,0.33623170852661133,0.6418059468269348
0.9780371189117432,3.182404562096508e-09,0.3362753391265869,0.6417349576950073
0.9780097007751465,3.182404562096508e-09,0.3363189101219177,0.6416642069816589
0.9779826402664185,3.182404562096508e-09,0.33636245131492615,0.6415934562683105
0.9779555201530457,3.182404562096508e-09,0.33640602231025696,0.6415227651596069
0.9779285192489624,3.182404562096508e-09,0.3364494740962982,0.6414522528648376
0.9779014587402344,3.182404562096508e-09,0.3364929258823395,0.6413818597793579
0.9778746366500854,3.182404562096508e-09,0.33653631806373596,0.641311526298523
0.9778478145599365,3.182404562096508e-09,0.33657971024513245,0.6412414908409119
